Color,Value,Variable,,,
#d699dc,-10,TEMP,,,
#d34dd2,-8,TEMP,,,
#b733c2,-6,TEMP,,,
#932bb1,-4,TEMP,,,
#6d27a3,-2,TEMP,,,
#4b2999,0,TEMP,,,
#2d2e94,2,TEMP,,,
#233c9d,4,TEMP,,,
#2e61b8,6,TEMP,,,
#4197cb,8,TEMP,,,
#54c3c7,10,TEMP,,,
#64e2a9,12,TEMP,,,
#6be98c,14,TEMP,,,
#78ec6d,16,TEMP,,,
#8ff155,18,TEMP,,,
#a4f343,20,TEMP,,,
#c4f137,22,TEMP,,,
#e1eb33,24,TEMP,,,
#f3d62b,26,TEMP,,,
#fdb523,28,TEMP,,,
#fd941f,30,TEMP,,,
#f9741b,32,TEMP,,,
#f5531a,34,TEMP,,,
#ef3b1c,36,TEMP,,,
#e8332c,38,TEMP,,,
#da3d42,40,TEMP,,,
#c44b50,42,TEMP,,,
#b75859,44,TEMP,,,
#a9645f,46,TEMP,,,
#9f6d64,48,TEMP,,,
#b88d76,50,TEMP,,,
#e3bb9b,50,TEMP,,,
#101010,-70,TEMPLEV,,,
#192424,-68,TEMPLEV,,,
#243b3e,-67,TEMPLEV,,,
#2f5259,-66,TEMPLEV,,,
#3b6971,-65,TEMPLEV,,,
#46808d,-64,TEMPLEV,,,
#5198a6,-63,TEMPLEV,,,
#5caec0,-62,TEMPLEV,,,
#68c0d2,-61,TEMPLEV,,,
#83c3d2,-60,TEMPLEV,,,
#92c7d2,-59,TEMPLEV,,,
#a6becd,-58,TEMPLEV,,,
#bdb4c6,-57,TEMPLEV,,,
#c7acc0,-56,TEMPLEV,,,
#d2a0bb,-55,TEMPLEV,,,
#d297b5,-54,TEMPLEV,,,
#d28aaf,-53,TEMPLEV,,,
#d262b9,-52,TEMPLEV,,,
#d23ac6,-51,TEMPLEV,,,
#d21ccd,-50,TEMPLEV,,,
#bd10be,-49,TEMPLEV,,,
#a910a9,-48,TEMPLEV,,,
#881088,-47,TEMPLEV,,,
#721073,-46,TEMPLEV,,,
#511073,-45,TEMPLEV,,,
#331073,-44,TEMPLEV,,,
#181073,-43,TEMPLEV,,,
#1c1c89,-42,TEMPLEV,,,
#2929a0,-41,TEMPLEV,,,
#3b3bc3,-40,TEMPLEV,,,
#414bd2,-39,TEMPLEV,,,
#3d53d2,-38,TEMPLEV,,,
#375cd2,-37,TEMPLEV,,,
#4266d2,-36,TEMPLEV,,,
#5775d2,-35,TEMPLEV,,,
#6c85d2,-34,TEMPLEV,,,
#7e91d2,-33,TEMPLEV,,,
#a2add2,-32,TEMPLEV,,,
#c8cad2,-31,TEMPLEV,,,
#c2c2c2,-30,TEMPLEV,,,
#afafaf,-29,TEMPLEV,,,
#9f9f9f,-28,TEMPLEV,,,
#969696,-27,TEMPLEV,,,
#8a8a8a,-26,TEMPLEV,,,
#777777,-25,TEMPLEV,,,
#636363,-24,TEMPLEV,,,
#5b5b51,-23,TEMPLEV,,,
#61613f,-22,TEMPLEV,,,
#6b6b27,-21,TEMPLEV,,,
#6f6f16,-20,TEMPLEV,,,
#5b6c10,-19,TEMPLEV,,,
#446610,-18,TEMPLEV,,,
#205b10,-17,TEMPLEV,,,
#105c10,-16,TEMPLEV,,,
#106c10,-15,TEMPLEV,,,
#1b7825,-14,TEMPLEV,,,
#247c38,-13,TEMPLEV,,,
#318353,-12,TEMPLEV,,,
#498f4f,-11,TEMPLEV,,,
#5a993b,-10,TEMPLEV,,,
#75a922,-9,TEMPLEV,,,
#87b310,-8,TEMPLEV,,,
#97be26,-7,TEMPLEV,,,
#a0c536,-6,TEMPLEV,,,
#b0cf4e,-5,TEMPLEV,,,
#b7d24a,-4,TEMPLEV,,,
#c4d22f,-3,TEMPLEV,,,
#d0d015,-2,TEMPLEV,,,
#d2be33,-1,TEMPLEV,,,
#d2b245,0,TEMPLEV,,,
#d2a061,0,TEMPLEV,,,
#d2974c,1,TEMPLEV,,,
#d28b27,2,TEMPLEV,,,
#d28110,3,TEMPLEV,,,
#d27310,4,TEMPLEV,,,
#d26810,5,TEMPLEV,,,
#d24b10,6,TEMPLEV,,,
#d23110,7,TEMPLEV,,,
#d21f10,8,TEMPLEV,,,
#cb1610,9,TEMPLEV,,,
#bb2a10,10,TEMPLEV,,,
#ad3910,11,TEMPLEV,,,
#9f4413,12,TEMPLEV,,,
#9c371d,13,TEMPLEV,,,
#97202f,14,TEMPLEV,,,
#901234,15,TEMPLEV,,,
#861029,16,TEMPLEV,,,
#79101a,17,TEMPLEV,,,
#751722,18,TEMPLEV,,,
#7c2b4f,19,TEMPLEV,,,
#844a94,20,TEMPLEV,,,
#8a5cbf,21,TEMPLEV,,,
#8561c6,22,TEMPLEV,,,
#7656ad,23,TEMPLEV,,,
#644a92,24,TEMPLEV,,,
#543f79,25,TEMPLEV,,,
#43345e,26,TEMPLEV,,,
#332745,27,TEMPLEV,,,
#221c2b,28,TEMPLEV,,,
#121012,30,TEMPLEV,,,
#9b897b,0,HUM,,,
#cfc9c8,5,HUM,,,
#674a2f,10,HUM,,,
#734a24,15,HUM,,,
#8d5c2a,20,HUM,,,
#ab7a24,25,HUM,,,
#c8971e,30,HUM,,,
#cfaa33,35,HUM,,,
#d3b84a,40,HUM,,,
#ddcb6d,45,HUM,,,
#e9dc8d,50,HUM,,,
#f2e8a9,55,HUM,,,
#f6f0bb,60,HUM,,,
#eff3b8,65,HUM,,,
#d3f08b,70,HUM,,,
#a9dc4b,75,HUM,,,
#9acd33,80,HUM,,,
#69a22e,85,HUM,,,
#367429,90,HUM,,,
#4f8b2b,95,HUM,,,
#ffffff,1,RAIN,,,
#b8b8fe,5,RAIN,,,
#8c8cfe,10,RAIN,,,
#7272fe,15,RAIN,,,
#5959fe,20,RAIN,,,
#2525fe,25,RAIN,,,
#000af0,30,RAIN,,,
#022ebf,35,RAIN,,,
#04548e,40,RAIN,,,
#05795c,45,RAIN,,,
#34c00c,50,RAIN,,,
#97de06,60,RAIN,,,
#fbfd00,70,RAIN,,,
#fe9900,80,RAIN,,,
#fe3000,90,RAIN,,,
#ff0000,100,RAIN,,,
#015599,0,SRAD,,,
#015ba4,10,SRAD,,,
#015ca9,20,SRAD,,,
#045fb1,30,SRAD,,,
#0662ba,40,SRAD,,,
#0865c0,50,SRAD,,,
#0866c7,60,SRAD,,,
#0a6ad3,70,SRAD,,,
#0a6ad5,80,SRAD,,,
#0a6de3,90,SRAD,,,
#0a6ee9,100,SRAD,,,
#0b72f7,111,SRAD,,,
#0b72f9,121,SRAD,,,
#0a71f8,131,SRAD,,,
#0a6cf0,141,SRAD,,,
#0a6bf0,151,SRAD,,,
#0b71f1,161,SRAD,,,
#0d79f3,171,SRAD,,,
#0d7cf4,181,SRAD,,,
#1089f8,191,SRAD,,,
#108ff9,201,SRAD,,,
#139cfd,211,SRAD,,,
#139dfd,222,SRAD,,,
#17a8fe,232,SRAD,,,
#18abfe,242,SRAD,,,
#1ab1fe,252,SRAD,,,
#1ab2fe,262,SRAD,,,
#1ebcfe,272,SRAD,,,
#20bcfe,282,SRAD,,,
#4bc4fe,292,SRAD,,,
#4dc4fe,302,SRAD,,,
#70cafe,312,SRAD,,,
#6ccafe,322,SRAD,,,
#9dd2fe,333,SRAD,,,
#99d2fe,343,SRAD,,,
#b1d7fe,353,SRAD,,,
#aed6fe,363,SRAD,,,
#c5dcfe,373,SRAD,,,
#c1dcfe,383,SRAD,,,
#d5e0fc,393,SRAD,,,
#d9e1fc,403,SRAD,,,
#e8e2f2,413,SRAD,,,
#e7e2f3,423,SRAD,,,
#f1e3ec,433,SRAD,,,
#f3e4eb,444,SRAD,,,
#fde1de,454,SRAD,,,
#fddfdc,464,SRAD,,,
#f9d4ca,474,SRAD,,,
#f9d5cb,484,SRAD,,,
#f8ccbb,494,SRAD,,,
#f8cdbc,504,SRAD,,,
#f5c3ab,514,SRAD,,,
#f5c3ad,524,SRAD,,,
#f1ba9e,534,SRAD,,,
#f1bba0,544,SRAD,,,
#efb496,555,SRAD,,,
#efb698,565,SRAD,,,
#eea88b,575,SRAD,,,
#eeab8d,585,SRAD,,,
#eda086,595,SRAD,,,
#eda186,605,SRAD,,,
#ec947e,615,SRAD,,,
#ec947e,625,SRAD,,,
#ea8b76,635,SRAD,,,
#e98772,645,SRAD,,,
#e67b66,655,SRAD,,,
#e57b67,666,SRAD,,,
#e8755a,676,SRAD,,,
#eb704e,686,SRAD,,,
#ee6d48,696,SRAD,,,
#f46537,706,SRAD,,,
#fc5b1f,716,SRAD,,,
#fd591c,726,SRAD,,,
#fd5f1b,736,SRAD,,,
#fe7219,746,SRAD,,,
#fe8419,756,SRAD,,,
#fe8319,766,SRAD,,,
#fea119,777,SRAD,,,
#fea119,787,SRAD,,,
#feb01b,797,SRAD,,,
#feb21d,807,SRAD,,,
#fec01f,817,SRAD,,,
#fec01f,827,SRAD,,,
#fdce25,837,SRAD,,,
#fdd226,847,SRAD,,,
#f9de3f,857,SRAD,,,
#f9df42,867,SRAD,,,
#f6e753,877,SRAD,,,
#f6e958,888,SRAD,,,
#f5ea5b,898,SRAD,,,
#f4f46d,908,SRAD,,,
#f6f669,918,SRAD,,,
#f8f867,928,SRAD,,,
#fafa65,938,SRAD,,,
#fdfd6a,948,SRAD,,,
#fdfd82,958,SRAD,,,
#fdfd80,968,SRAD,,,
#fdfd8f,978,SRAD,,,
#fdfd92,988,SRAD,,,
#fdfda3,999,SRAD,,,
#fdfdb1,1009,SRAD,,,
#fdfdb2,1019,SRAD,,,
#fdfdd6,1029,SRAD,,,
#fdfdd2,1039,SRAD,,,
#fdfdf0,1049,SRAD,,,
#fdfdef,1059,SRAD,,,
#fdfdfe,1069,SRAD,,,
#fefefe,1079,SRAD,,,
#ffffff,1089,SRAD,,,
#ffffff,1100,SRAD,,,
#ffffff,5,WIND,,,
#fefefe,10,WIND,,,
#f4f7fe,15,WIND,,,
#dde6fe,20,WIND,,,
#c9d8fe,25,WIND,,,
#b4c8fe,30,WIND,,,
#a1bdfe,35,WIND,,,
#839efe,40,WIND,,,
#778bfc,45,WIND,,,
#6776f7,50,WIND,,,
#3c6af9,55,WIND,,,
#0064fc,60,WIND,,,
#0080c0,65,WIND,,,
#009d86,70,WIND,,,
#00b84f,75,WIND,,,
#1cd524,80,WIND,,,
#54f508,85,WIND,,,
#78fe00,90,WIND,,,
#97fe02,95,WIND,,,
#b2fe1f,100,WIND,,,
#cffe2a,105,WIND,,,
#effe0e,110,WIND,,,
#feee00,115,WIND,,,
#fec400,120,WIND,,,
#fe9d00,125,WIND,,,
#fe8900,130,WIND,,,
#fe6900,135,WIND,,,
#fe3200,140,WIND,,,
#fe1900,145,WIND,,,
#ff0000,150,WIND,,,
#0a6de0,0,LRAD,,,
#0a6cdd,3,LRAD,,,
#0a6fea,6,LRAD,,,
#0b72f7,9,LRAD,,,
#0b71f6,12,LRAD,,,
#0b71f7,15,LRAD,,,
#0b70f9,18,LRAD,,,
#0a6ff7,21,LRAD,,,
#0a6ef3,24,LRAD,,,
#0a70f0,27,LRAD,,,
#0a70f0,30,LRAD,,,
#0e80f5,33,LRAD,,,
#0f8bf7,36,LRAD,,,
#0f87f7,39,LRAD,,,
#0f8bf8,42,LRAD,,,
#129afc,45,LRAD,,,
#139ffe,48,LRAD,,,
#139efe,51,LRAD,,,
#14a2fe,54,LRAD,,,
#17a9fe,57,LRAD,,,
#17a9fe,60,LRAD,,,
#17a9fe,63,LRAD,,,
#19b0fe,66,LRAD,,,
#1bb7fe,69,LRAD,,,
#1ab7fe,72,LRAD,,,
#1fb8fe,75,LRAD,,,
#35befe,78,LRAD,,,
#41c2fe,81,LRAD,,,
#3fc1fe,84,LRAD,,,
#3fc1fe,87,LRAD,,,
#4dc3fe,90,LRAD,,,
#6ac9fe,93,LRAD,,,
#6bc9fe,96,LRAD,,,
#6cc9fe,99,LRAD,,,
#82cefe,102,LRAD,,,
#9dd3fe,105,LRAD,,,
#a0d3fe,108,LRAD,,,
#add6fe,111,LRAD,,,
#b9d9fe,114,LRAD,,,
#b8dafe,117,LRAD,,,
#bddafe,120,LRAD,,,
#ccddfe,123,LRAD,,,
#d2defe,126,LRAD,,,
#d0dffd,129,LRAD,,,
#d3dffc,132,LRAD,,,
#dfe0f7,135,LRAD,,,
#e5e2f4,138,LRAD,,,
#e4e2f4,141,LRAD,,,
#e9e2f0,144,LRAD,,,
#f3e3ea,147,LRAD,,,
#f7e4e8,151,LRAD,,,
#f7e3e8,154,LRAD,,,
#f8e1e2,157,LRAD,,,
#fbdfdb,160,LRAD,,,
#fbdeda,163,LRAD,,,
#f9d6cd,166,LRAD,,,
#f9d0c3,169,LRAD,,,
#f9d0c3,172,LRAD,,,
#f8cebf,175,LRAD,,,
#f5c7b2,178,LRAD,,,
#f5c3ac,181,LRAD,,,
#f3c0a9,184,LRAD,,,
#f2bba1,187,LRAD,,,
#f2ba9f,190,LRAD,,,
#f1ba9f,193,LRAD,,,
#f0b79a,196,LRAD,,,
#efb293,199,LRAD,,,
#efb293,202,LRAD,,,
#eeb192,205,LRAD,,,
#edaa8d,208,LRAD,,,
#eda589,211,LRAD,,,
#eda689,214,LRAD,,,
#eca287,217,LRAD,,,
#ec9980,220,LRAD,,,
#ec967f,223,LRAD,,,
#ec967f,226,LRAD,,,
#eb957e,229,LRAD,,,
#eb8f79,232,LRAD,,,
#ea8a75,235,LRAD,,,
#e8836e,238,LRAD,,,
#e8816c,241,LRAD,,,
#e77d68,244,LRAD,,,
#e77761,247,LRAD,,,
#e7765e,250,LRAD,,,
#e7765e,253,LRAD,,,
#e7775f,256,LRAD,,,
#eb704f,259,LRAD,,,
#ef6a42,262,LRAD,,,
#ef6a41,265,LRAD,,,
#f0683e,268,LRAD,,,
#f6602b,271,LRAD,,,
#fa5b1f,274,LRAD,,,
#fb5a20,277,LRAD,,,
#fb611e,280,LRAD,,,
#fc6e19,283,LRAD,,,
#fd7218,286,LRAD,,,
#fe6f19,289,LRAD,,,
#fe7c19,292,LRAD,,,
#fe8c19,295,LRAD,,,
#fe8c19,298,LRAD,,,
#fe8d19,302,LRAD,,,
#fe9e19,305,LRAD,,,
#feaa1a,308,LRAD,,,
#fea819,311,LRAD,,,
#fead1a,314,LRAD,,,
#febb1d,317,LRAD,,,
#febe1e,320,LRAD,,,
#febe1f,323,LRAD,,,
#feca21,326,LRAD,,,
#fed022,329,LRAD,,,
#fecf22,332,LRAD,,,
#fcd229,335,LRAD,,,
#f8dc3c,338,LRAD,,,
#f8e043,341,LRAD,,,
#f8de40,344,LRAD,,,
#f6e54f,347,LRAD,,,
#f3ee63,350,LRAD,,,
#f3ef65,353,LRAD,,,
#f4ee63,356,LRAD,,,
#f4f267,359,LRAD,,,
#f5f66a,362,LRAD,,,
#f5f56a,365,LRAD,,,
#f5f569,368,LRAD,,,
#f8f866,371,LRAD,,,
#fafa65,374,LRAD,,,
#f9f965,377,LRAD,,,
#f9f966,380,LRAD,,,
#fbfb6a,383,LRAD,,,
#fdfd6a,386,LRAD,,,
#fdfd68,389,LRAD,,,
#fdfd77,392,LRAD,,,
#fdfd86,395,LRAD,,,
#fdfd84,398,LRAD,,,
#fdfd86,401,LRAD,,,
#fdfd96,404,LRAD,,,
#fdfd9d,407,LRAD,,,
#fdfd99,410,LRAD,,,
#fdfda2,413,LRAD,,,
#fdfdc3,416,LRAD,,,
#fdfdc4,419,LRAD,,,
#fdfdc3,422,LRAD,,,
#fdfde2,425,LRAD,,,
#fdfdf1,428,LRAD,,,
#fdfdee,431,LRAD,,,
#fdfdf1,434,LRAD,,,
#fdfdfa,437,LRAD,,,
#fdfdfd,440,LRAD,,,
#fdfdfd,443,LRAD,,,
#fdfdfd,446,LRAD,,,
#e1e1e1,450,LRAD,,,
#ffffff,0,CO,,,
#fbfbfe,0.02,CO,,,
#f9f9fe,0.04,CO,,,
#fbfbfe,0.06,CO,,,
#f8f8fe,0.08,CO,,,
#f1f1fe,0.1,CO,,,
#f2f2fe,0.12,CO,,,
#efeffe,0.14,CO,,,
#f0f0fe,0.16,CO,,,
#ededfe,0.18,CO,,,
#eaeafe,0.2,CO,,,
#ececfe,0.22,CO,,,
#e9e9fe,0.24,CO,,,
#e2e2fe,0.26,CO,,,
#dfdffe,0.28,CO,,,
#dedefe,0.3,CO,,,
#dfdffe,0.32,CO,,,
#dcdcfe,0.34,CO,,,
#d9d9fe,0.36,CO,,,
#dadafe,0.38,CO,,,
#d6d6fe,0.4,CO,,,
#d7d7fe,0.42,CO,,,
#d1d1fe,0.44,CO,,,
#cecefe,0.46,CO,,,
#d0d0fe,0.48,CO,,,
#cecefe,0.5,CO,,,
#cbcbfe,0.52,CO,,,
#c7c7fe,0.54,CO,,,
#c8c8fe,0.56,CO,,,
#c2c2fe,0.58,CO,,,
#bebefe,0.6,CO,,,
#bfbffe,0.62,CO,,,
#bebefe,0.64,CO,,,
#bbbbfe,0.66,CO,,,
#b8b8fe,0.68,CO,,,
#b7b7fe,0.7,CO,,,
#b8b8fe,0.72,CO,,,
#b5b5fe,0.74,CO,,,
#b2b2fe,0.76,CO,,,
#b4b4fe,0.78,CO,,,
#b2b2fe,0.8,CO,,,
#ababfe,0.82,CO,,,
#a8a8fe,0.84,CO,,,
#a6a6fe,0.86,CO,,,
#a8a8fe,0.88,CO,,,
#a6a6fe,0.9,CO,,,
#a2a2fe,0.92,CO,,,
#a3a3fe,0.94,CO,,,
#9f9ffe,0.96,CO,,,
#a0a0fe,0.98,CO,,,
#9a9afe,1,CO,,,
#9696fe,1.02,CO,,,
#9797fe,1.04,CO,,,
#9696fe,1.06,CO,,,
#9494fe,1.08,CO,,,
#9191fe,1.1,CO,,,
#9090fe,1.12,CO,,,
#9191fe,1.14,CO,,,
#8c8cfe,1.16,CO,,,
#8787fe,1.18,CO,,,
#8888fe,1.2,CO,,,
#8787fe,1.22,CO,,,
#8484fe,1.24,CO,,,
#8181fe,1.26,CO,,,
#8080fe,1.28,CO,,,
#8181fe,1.3,CO,,,
#7e7efe,1.32,CO,,,
#7b7bfe,1.34,CO,,,
#7d7dfe,1.36,CO,,,
#7b7bfe,1.38,CO,,,
#7474fe,1.4,CO,,,
#7575fe,1.42,CO,,,
#7171fe,1.44,CO,,,
#6f6ffe,1.46,CO,,,
#7171fe,1.48,CO,,,
#6f6ffe,1.5,CO,,,
#6c6cfe,1.52,CO,,,
#6565fe,1.54,CO,,,
#6363fe,1.56,CO,,,
#6565fe,1.58,CO,,,
#6262fe,1.6,CO,,,
#5f5ffe,1.62,CO,,,
#6060fe,1.64,CO,,,
#5f5ffe,1.66,CO,,,
#5c5cfe,1.68,CO,,,
#5a5afe,1.7,CO,,,
#5959fe,1.72,CO,,,
#5a5afe,1.74,CO,,,
#5555fe,1.76,CO,,,
#5050fe,1.78,CO,,,
#5151fe,1.8,CO,,,
#4d4dfe,1.82,CO,,,
#4e4efe,1.84,CO,,,
#4949fe,1.86,CO,,,
#4747fe,1.88,CO,,,
#4949fe,1.9,CO,,,
#4545fe,1.92,CO,,,
#3f3ffe,1.94,CO,,,
#4040fe,1.96,CO,,,
#3d3dfe,1.98,CO,,,
#3e3efe,2,CO,,,
#3b3bfe,2.02,CO,,,
#3838fe,2.04,CO,,,
#3a3afe,2.06,CO,,,
#3838fe,2.08,CO,,,
#3535fe,2.1,CO,,,
#2e2efe,2.12,CO,,,
#2c2cfe,2.14,CO,,,
#2e2efe,2.16,CO,,,
#2b2bfe,2.18,CO,,,
#2828fe,2.2,CO,,,
#2929fe,2.22,CO,,,
#2828fe,2.24,CO,,,
#2525fe,2.26,CO,,,
#2222fe,2.28,CO,,,
#2121fe,2.3,CO,,,
#2222fe,2.32,CO,,,
#1e1efe,2.34,CO,,,
#1818fe,2.36,CO,,,
#1919fe,2.38,CO,,,
#1515fe,2.4,CO,,,
#1616fe,2.42,CO,,,
#1212fe,2.44,CO,,,
#1010fe,2.46,CO,,,
#1212fe,2.48,CO,,,
#0f0ffe,2.5,CO,,,
#0808fe,2.52,CO,,,
#0909fe,2.54,CO,,,
#0505fe,2.56,CO,,,
#0606fe,2.58,CO,,,
#0303fe,2.6,CO,,,
#0101fe,2.62,CO,,,
#0202fe,2.64,CO,,,
#0002fc,2.66,CO,,,
#0006f6,2.68,CO,,,
#0008f3,2.7,CO,,,
#0006f5,2.72,CO,,,
#0008f2,2.74,CO,,,
#000bef,2.76,CO,,,
#000af0,2.78,CO,,,
#010ced,2.8,CO,,,
#010bee,2.82,CO,,,
#0110e7,2.84,CO,,,
#0113e4,2.86,CO,,,
#0112e5,2.88,CO,,,
#0113e4,2.9,CO,,,
#0115e2,2.92,CO,,,
#0118de,2.94,CO,,,
#011adc,2.96,CO,,,
#011bdb,2.98,CO,,,
#011adc,3,CO,,,
#011cd9,3.02,CO,,,
#0120d2,3.04,CO,,,
#0120d3,3.06,CO,,,
#0223d0,3.08,CO,,,
#0223cf,3.1,CO,,,
#0222d0,3.12,CO,,,
#0224cd,3.14,CO,,,
#0227ca,3.16,CO,,,
#0226cc,3.18,CO,,,
#0227ca,3.2,CO,,,
#022bc4,3.22,CO,,,
#022dc1,3.24,CO,,,
#022ebf,3.26,CO,,,
#022ec0,3.28,CO,,,
#022fbf,3.3,CO,,,
#0231bd,3.32,CO,,,
#0233b9,3.34,CO,,,
#0232ba,3.36,CO,,,
#0337b4,3.38,CO,,,
#033ab0,3.4,CO,,,
#0339b1,3.42,CO,,,
#033ab0,3.44,CO,,,
#033bae,3.46,CO,,,
#033eaa,3.48,CO,,,
#033dab,3.5,CO,,,
#0340a8,3.52,CO,,,
#0342a6,3.54,CO,,,
#0340a8,3.56,CO,,,
#0342a5,3.58,CO,,,
#03479f,3.6,CO,,,
#03499c,3.62,CO,,,
#034a9b,3.64,CO,,,
#03499c,3.66,CO,,,
#034b99,3.68,CO,,,
#044e96,3.7,CO,,,
#044d98,3.72,CO,,,
#044e96,3.74,CO,,,
#045290,3.76,CO,,,
#04548e,3.78,CO,,,
#04558d,3.8,CO,,,
#04558e,3.82,CO,,,
#04568c,3.84,CO,,,
#045888,3.86,CO,,,
#045889,3.88,CO,,,
#045a85,3.9,CO,,,
#045986,3.92,CO,,,
#045e81,3.94,CO,,,
#04617d,3.96,CO,,,
#04607e,3.98,CO,,,
#04607d,4,CO,,,
#04627a,4.02,CO,,,
#046477,4.04,CO,,,
#046576,4.06,CO,,,
#046477,4.08,CO,,,
#046773,4.1,CO,,,
#056b6e,4.12,CO,,,
#056a6f,4.14,CO,,,
#056b6e,4.16,CO,,,
#056e6b,4.18,CO,,,
#057068,4.2,CO,,,
#057166,4.22,CO,,,
#057168,4.24,CO,,,
#057265,4.26,CO,,,
#057462,4.28,CO,,,
#057463,4.3,CO,,,
#05795c,4.32,CO,,,
#05795d,4.34,CO,,,
#057b59,4.36,CO,,,
#057c57,4.38,CO,,,
#057c58,4.4,CO,,,
#057d57,4.42,CO,,,
#067e55,4.44,CO,,,
#06834e,4.46,CO,,,
#06854c,4.48,CO,,,
#06834e,4.5,CO,,,
#06864b,4.52,CO,,,
#068849,4.54,CO,,,
#06874a,4.56,CO,,,
#068749,4.58,CO,,,
#068946,4.6,CO,,,
#068b43,4.62,CO,,,
#068c42,4.64,CO,,,
#068b43,4.66,CO,,,
#068e3f,4.68,CO,,,
#06923a,4.7,CO,,,
#06913b,4.72,CO,,,
#079437,4.74,CO,,,
#079634,4.76,CO,,,
#079732,4.78,CO,,,
#079733,4.8,CO,,,
#079832,4.82,CO,,,
#079a30,4.84,CO,,,
#079f29,4.86,CO,,,
#07a027,4.88,CO,,,
#07a029,4.9,CO,,,
#07a226,4.92,CO,,,
#07a423,4.94,CO,,,
#07a324,4.96,CO,,,
#07a323,4.98,CO,,,
#07a521,5,CO,,,
#08aa1b,5.02,CO,,,
#08ac19,5.04,CO,,,
#08ab1b,5.06,CO,,,
#08ac18,5.08,CO,,,
#08ad15,5.1,CO,,,
#08ad16,5.12,CO,,,
#08ad15,5.14,CO,,,
#08b012,5.16,CO,,,
#09b210,5.18,CO,,,
#09b30f,5.2,CO,,,
#08b30f,5.22,CO,,,
#0cb40f,5.24,CO,,,
#12b50e,5.26,CO,,,
#11b50e,5.28,CO,,,
#15b60e,5.3,CO,,,
#14b60e,5.32,CO,,,
#18b70e,5.34,CO,,,
#1ab70e,5.36,CO,,,
#18b70e,5.38,CO,,,
#1bb80e,5.4,CO,,,
#22ba0e,5.42,CO,,,
#21ba0e,5.44,CO,,,
#24bb0d,5.46,CO,,,
#25bb0d,5.48,CO,,,
#24bb0d,5.5,CO,,,
#27bc0d,5.52,CO,,,
#2abd0d,5.54,CO,,,
#29bd0d,5.56,CO,,,
#2abd0d,5.58,CO,,,
#2dbe0d,5.6,CO,,,
#32c00d,5.62,CO,,,
#35c00d,5.64,CO,,,
#33c00d,5.66,CO,,,
#36c00d,5.68,CO,,,
#39c10c,5.7,CO,,,
#38c10c,5.72,CO,,,
#3cc30c,5.74,CO,,,
#3bc30c,5.76,CO,,,
#42c40b,5.78,CO,,,
#46c50b,5.8,CO,,,
#44c50b,5.82,CO,,,
#46c50b,5.84,CO,,,
#49c60b,5.86,CO,,,
#4dc70b,5.88,CO,,,
#4fc80b,5.9,CO,,,
#51c80b,5.92,CO,,,
#4fc80b,5.94,CO,,,
#52c90b,5.96,CO,,,
#59cb0a,5.98,CO,,,
#58cb0a,6,CO,,,
#5bcc0a,6.02,CO,,,
#5ccc0a,6.04,CO,,,
#5bcc0a,6.06,CO,,,
#5ecd0a,6.08,CO,,,
#61ce09,6.1,CO,,,
#60ce09,6.12,CO,,,
#61ce09,6.14,CO,,,
#65cf09,6.16,CO,,,
#64cf09,6.18,CO,,,
#6ad109,6.2,CO,,,
#6dd209,6.22,CO,,,
#6bd209,6.24,CO,,,
#6dd209,6.26,CO,,,
#71d309,6.28,CO,,,
#70d309,6.3,CO,,,
#74d408,6.32,CO,,,
#73d408,6.34,CO,,,
#79d508,6.36,CO,,,
#7dd608,6.38,CO,,,
#7bd608,6.4,CO,,,
#7dd608,6.42,CO,,,
#81d708,6.44,CO,,,
#84d908,6.46,CO,,,
#85d908,6.48,CO,,,
#84d908,6.5,CO,,,
#87da07,6.52,CO,,,
#8ada07,6.54,CO,,,
#88da07,6.56,CO,,,
#8ada07,6.58,CO,,,
#90dc07,6.6,CO,,,
#93dd06,6.62,CO,,,
#94dd06,6.64,CO,,,
#93dd06,6.66,CO,,,
#96dd06,6.68,CO,,,
#99de06,6.7,CO,,,
#97de06,6.72,CO,,,
#99de06,6.74,CO,,,
#a0e106,6.76,CO,,,
#9fe106,6.78,CO,,,
#a3e206,6.8,CO,,,
#a5e306,6.82,CO,,,
#a3e306,6.84,CO,,,
#a5e306,6.86,CO,,,
#a8e405,6.88,CO,,,
#ace505,6.9,CO,,,
#abe505,6.92,CO,,,
#b0e604,6.94,CO,,,
#b5e704,6.96,CO,,,
#b4e704,6.98,CO,,,
#b5e704,7,CO,,,
#b8e904,7.02,CO,,,
#bbea04,7.04,CO,,,
#bcea04,7.06,CO,,,
#bbea04,7.08,CO,,,
#c0eb04,7.1,CO,,,
#c5ec04,7.12,CO,,,
#c4ec04,7.14,CO,,,
#c8ed03,7.16,CO,,,
#cbee03,7.18,CO,,,
#cdee03,7.2,CO,,,
#cbee03,7.22,CO,,,
#cdef03,7.24,CO,,,
#d1f003,7.26,CO,,,
#d0f003,7.28,CO,,,
#d7f203,7.3,CO,,,
#d9f203,7.32,CO,,,
#d7f203,7.34,CO,,,
#daf302,7.36,CO,,,
#ddf402,7.38,CO,,,
#dbf402,7.4,CO,,,
#ddf402,7.42,CO,,,
#e0f502,7.44,CO,,,
#e3f602,7.46,CO,,,
#e2f502,7.48,CO,,,
#e7f701,7.5,CO,,,
#ecfa01,7.52,CO,,,
#ebf901,7.54,CO,,,
#ecf901,7.56,CO,,,
#f0fa01,7.58,CO,,,
#f3fb01,7.6,CO,,,
#f4fb01,7.62,CO,,,
#f3fb01,7.64,CO,,,
#f7fc01,7.66,CO,,,
#fdfd00,7.68,CO,,,
#fcfd00,7.7,CO,,,
#fefc00,7.72,CO,,,
#fefa00,7.74,CO,,,
#fef900,7.76,CO,,,
#fefa00,7.78,CO,,,
#fef800,7.8,CO,,,
#fef500,7.82,CO,,,
#feee00,7.84,CO,,,
#feec00,7.86,CO,,,
#feee00,7.88,CO,,,
#feeb00,7.9,CO,,,
#fee800,7.92,CO,,,
#fee900,7.94,CO,,,
#fee800,7.96,CO,,,
#fee500,7.98,CO,,,
#fedf00,8,CO,,,
#fedc00,8.02,CO,,,
#fede00,8.04,CO,,,
#fedb00,8.06,CO,,,
#fed800,8.08,CO,,,
#fed900,8.1,CO,,,
#fed500,8.12,CO,,,
#fed200,8.14,CO,,,
#fed000,8.16,CO,,,
#fed200,8.18,CO,,,
#fece00,8.2,CO,,,
#fec800,8.22,CO,,,
#fec900,8.24,CO,,,
#fec500,8.26,CO,,,
#fec600,8.28,CO,,,
#fec300,8.3,CO,,,
#fec000,8.32,CO,,,
#fec200,8.34,CO,,,
#febf00,8.36,CO,,,
#feb900,8.38,CO,,,
#feba00,8.4,CO,,,
#feb700,8.42,CO,,,
#feb600,8.44,CO,,,
#feb700,8.46,CO,,,
#feb400,8.48,CO,,,
#feb000,8.5,CO,,,
#feb100,8.52,CO,,,
#feb000,8.54,CO,,,
#fead00,8.56,CO,,,
#feae00,8.58,CO,,,
#fea700,8.6,CO,,,
#fea400,8.62,CO,,,
#fea500,8.64,CO,,,
#fea400,8.66,CO,,,
#fea200,8.68,CO,,,
#fe9e00,8.7,CO,,,
#fe9f00,8.72,CO,,,
#fe9b00,8.74,CO,,,
#fe9900,8.76,CO,,,
#fe9b00,8.78,CO,,,
#fe9800,8.8,CO,,,
#fe9100,8.82,CO,,,
#fe9200,8.84,CO,,,
#fe8e00,8.86,CO,,,
#fe8f00,8.88,CO,,,
#fe8c00,8.9,CO,,,
#fe8900,8.92,CO,,,
#fe8b00,8.94,CO,,,
#fe8800,8.96,CO,,,
#fe8200,8.98,CO,,,
#fe7f00,9,CO,,,
#fe7e00,9.02,CO,,,
#fe7f00,9.04,CO,,,
#fe7c00,9.06,CO,,,
#fe7900,9.08,CO,,,
#fe7a00,9.1,CO,,,
#fe7600,9.12,CO,,,
#fe7700,9.14,CO,,,
#fe7100,9.16,CO,,,
#fe6d00,9.18,CO,,,
#fe6f00,9.2,CO,,,
#fe6d00,9.22,CO,,,
#fe6900,9.24,CO,,,
#fe6a00,9.26,CO,,,
#fe6700,9.28,CO,,,
#fe6800,9.3,CO,,,
#fe6200,9.32,CO,,,
#fe5e00,9.34,CO,,,
#fe5f00,9.36,CO,,,
#fe5e00,9.38,CO,,,
#fe5b00,9.4,CO,,,
#fe5800,9.42,CO,,,
#fe5700,9.44,CO,,,
#fe5800,9.46,CO,,,
#fe5500,9.48,CO,,,
#fe5200,9.5,CO,,,
#fe5400,9.52,CO,,,
#fe5200,9.54,CO,,,
#fe4b00,9.56,CO,,,
#fe4800,9.58,CO,,,
#fe4600,9.6,CO,,,
#fe4800,9.62,CO,,,
#fe4500,9.64,CO,,,
#fe4200,9.66,CO,,,
#fe4400,9.68,CO,,,
#fe4300,9.7,CO,,,
#fe3b00,9.72,CO,,,
#fe3a00,9.74,CO,,,
#fe3c00,9.76,CO,,,
#fe3800,9.78,CO,,,
#fe3600,9.8,CO,,,
#fe3800,9.82,CO,,,
#fe3600,9.84,CO,,,
#fe3300,9.86,CO,,,
#fe3000,9.88,CO,,,
#fe2f00,9.9,CO,,,
#fe3000,9.92,CO,,,
#fe2b00,9.94,CO,,,
#fe2700,9.96,CO,,,
#fe2800,9.98,CO,,,
#fe2700,10,CO,,,
#fe2400,10.02,CO,,,
#fe2100,10.04,CO,,,
#fe2000,10.06,CO,,,
#fe2100,10.08,CO,,,
#fe1e00,10.1,CO,,,
#fe1b00,10.12,CO,,,
#fe1d00,10.14,CO,,,
#fe1b00,10.16,CO,,,
#fe1300,10.18,CO,,,
#fe1000,10.2,CO,,,
#fe0e00,10.22,CO,,,
#fe0f00,10.24,CO,,,
#fe0e00,10.26,CO,,,
#fe0c00,10.28,CO,,,
#fe0500,10.3,CO,,,
#fe0300,10.32,CO,,,
#fe0500,10.34,CO,,,
#fe0200,10.36,CO,,,
#fe0000,10.38,CO,,,
#ff0000,10.4,CO,,,
#e70000,10.42,CO,,,
#9a0000,10.44,CO,,,
#480000,10.46,CO,,,
#ffffff,0,NO2,,,
#fbfbfe,0.535,NO2,,,
#f9f9fe,1.07,NO2,,,
#fbfbfe,1.605,NO2,,,
#f8f8fe,2.14,NO2,,,
#f1f1fe,2.675,NO2,,,
#f2f2fe,3.21,NO2,,,
#efeffe,3.745,NO2,,,
#f0f0fe,4.28,NO2,,,
#ededfe,4.815,NO2,,,
#eaeafe,5.35,NO2,,,
#ececfe,5.885,NO2,,,
#e9e9fe,6.42,NO2,,,
#e2e2fe,6.955,NO2,,,
#dfdffe,7.49,NO2,,,
#dedefe,8.025,NO2,,,
#dfdffe,8.56,NO2,,,
#dcdcfe,9.095,NO2,,,
#d9d9fe,9.63,NO2,,,
#dadafe,10.165,NO2,,,
#d6d6fe,10.7,NO2,,,
#d7d7fe,11.235,NO2,,,
#d1d1fe,11.77,NO2,,,
#cecefe,12.305,NO2,,,
#d0d0fe,12.84,NO2,,,
#cecefe,13.375,NO2,,,
#cbcbfe,13.91,NO2,,,
#c7c7fe,14.445,NO2,,,
#c8c8fe,14.98,NO2,,,
#c2c2fe,15.515,NO2,,,
#bebefe,16.05,NO2,,,
#bfbffe,16.585,NO2,,,
#bebefe,17.12,NO2,,,
#bbbbfe,17.655,NO2,,,
#b8b8fe,18.19,NO2,,,
#b7b7fe,18.725,NO2,,,
#b8b8fe,19.26,NO2,,,
#b5b5fe,19.795,NO2,,,
#b2b2fe,20.33,NO2,,,
#b4b4fe,20.865,NO2,,,
#b2b2fe,21.4,NO2,,,
#ababfe,21.935,NO2,,,
#a8a8fe,22.47,NO2,,,
#a6a6fe,23.005,NO2,,,
#a8a8fe,23.54,NO2,,,
#a6a6fe,24.075,NO2,,,
#a2a2fe,24.61,NO2,,,
#a3a3fe,25.145,NO2,,,
#9f9ffe,25.68,NO2,,,
#a0a0fe,26.215,NO2,,,
#9a9afe,26.75,NO2,,,
#9696fe,27.285,NO2,,,
#9797fe,27.82,NO2,,,
#9696fe,28.355,NO2,,,
#9494fe,28.89,NO2,,,
#9191fe,29.425,NO2,,,
#9090fe,29.96,NO2,,,
#9191fe,30.495,NO2,,,
#8c8cfe,31.03,NO2,,,
#8787fe,31.565,NO2,,,
#8888fe,32.1,NO2,,,
#8787fe,32.635,NO2,,,
#8484fe,33.17,NO2,,,
#8181fe,33.705,NO2,,,
#8080fe,34.24,NO2,,,
#8181fe,34.775,NO2,,,
#7e7efe,35.31,NO2,,,
#7b7bfe,35.845,NO2,,,
#7d7dfe,36.38,NO2,,,
#7b7bfe,36.915,NO2,,,
#7474fe,37.45,NO2,,,
#7575fe,37.985,NO2,,,
#7171fe,38.52,NO2,,,
#6f6ffe,39.055,NO2,,,
#7171fe,39.59,NO2,,,
#6f6ffe,40.125,NO2,,,
#6c6cfe,40.66,NO2,,,
#6565fe,41.195,NO2,,,
#6363fe,41.73,NO2,,,
#6565fe,42.265,NO2,,,
#6262fe,42.8,NO2,,,
#5f5ffe,43.335,NO2,,,
#6060fe,43.87,NO2,,,
#5f5ffe,44.405,NO2,,,
#5c5cfe,44.94,NO2,,,
#5a5afe,45.475,NO2,,,
#5959fe,46.01,NO2,,,
#5a5afe,46.545,NO2,,,
#5555fe,47.08,NO2,,,
#5050fe,47.615,NO2,,,
#5151fe,48.15,NO2,,,
#4d4dfe,48.685,NO2,,,
#4e4efe,49.22,NO2,,,
#4949fe,49.755,NO2,,,
#4747fe,50.29,NO2,,,
#4949fe,50.825,NO2,,,
#4545fe,51.36,NO2,,,
#3f3ffe,51.895,NO2,,,
#4040fe,52.43,NO2,,,
#3d3dfe,52.965,NO2,,,
#3e3efe,53.5,NO2,,,
#3b3bfe,54.035,NO2,,,
#3838fe,54.57,NO2,,,
#3a3afe,55.105,NO2,,,
#3838fe,55.64,NO2,,,
#3535fe,56.175,NO2,,,
#2e2efe,56.71,NO2,,,
#2c2cfe,57.245,NO2,,,
#2e2efe,57.78,NO2,,,
#2b2bfe,58.315,NO2,,,
#2828fe,58.85,NO2,,,
#2929fe,59.385,NO2,,,
#2828fe,59.92,NO2,,,
#2525fe,60.455,NO2,,,
#2222fe,60.99,NO2,,,
#2121fe,61.525,NO2,,,
#2222fe,62.06,NO2,,,
#1e1efe,62.595,NO2,,,
#1818fe,63.13,NO2,,,
#1919fe,63.665,NO2,,,
#1515fe,64.2,NO2,,,
#1616fe,64.735,NO2,,,
#1212fe,65.27,NO2,,,
#1010fe,65.805,NO2,,,
#1212fe,66.34,NO2,,,
#0f0ffe,66.875,NO2,,,
#0808fe,67.41,NO2,,,
#0909fe,67.945,NO2,,,
#0505fe,68.48,NO2,,,
#0606fe,69.015,NO2,,,
#0303fe,69.55,NO2,,,
#0101fe,70.085,NO2,,,
#0202fe,70.62,NO2,,,
#0002fc,71.155,NO2,,,
#0006f6,71.69,NO2,,,
#0008f3,72.225,NO2,,,
#0006f5,72.76,NO2,,,
#0008f2,73.295,NO2,,,
#000bef,73.83,NO2,,,
#000af0,74.365,NO2,,,
#010ced,74.9,NO2,,,
#010bee,75.435,NO2,,,
#0110e7,75.97,NO2,,,
#0113e4,76.505,NO2,,,
#0112e5,77.04,NO2,,,
#0113e4,77.575,NO2,,,
#0115e2,78.11,NO2,,,
#0118de,78.645,NO2,,,
#011adc,79.18,NO2,,,
#011bdb,79.715,NO2,,,
#011adc,80.25,NO2,,,
#011cd9,80.785,NO2,,,
#0120d2,81.32,NO2,,,
#0120d3,81.855,NO2,,,
#0223d0,82.39,NO2,,,
#0223cf,82.925,NO2,,,
#0222d0,83.46,NO2,,,
#0224cd,83.995,NO2,,,
#0227ca,84.53,NO2,,,
#0226cc,85.065,NO2,,,
#0227ca,85.6,NO2,,,
#022bc4,86.135,NO2,,,
#022dc1,86.67,NO2,,,
#022ebf,87.205,NO2,,,
#022ec0,87.74,NO2,,,
#022fbf,88.275,NO2,,,
#0231bd,88.81,NO2,,,
#0233b9,89.345,NO2,,,
#0232ba,89.88,NO2,,,
#0337b4,90.415,NO2,,,
#033ab0,90.95,NO2,,,
#0339b1,91.485,NO2,,,
#033ab0,92.02,NO2,,,
#033bae,92.555,NO2,,,
#033eaa,93.09,NO2,,,
#033dab,93.625,NO2,,,
#0340a8,94.16,NO2,,,
#0342a6,94.695,NO2,,,
#0340a8,95.23,NO2,,,
#0342a5,95.765,NO2,,,
#03479f,96.3,NO2,,,
#03499c,96.835,NO2,,,
#034a9b,97.37,NO2,,,
#03499c,97.905,NO2,,,
#034b99,98.44,NO2,,,
#044e96,98.975,NO2,,,
#044d98,99.51,NO2,,,
#044e96,100.045,NO2,,,
#045290,100.58,NO2,,,
#04548e,101.115,NO2,,,
#04558d,101.65,NO2,,,
#04558e,102.185,NO2,,,
#04568c,102.72,NO2,,,
#045888,103.255,NO2,,,
#045889,103.79,NO2,,,
#045a85,104.325,NO2,,,
#045986,104.86,NO2,,,
#045e81,105.395,NO2,,,
#04617d,105.93,NO2,,,
#04607e,106.465,NO2,,,
#04607d,107,NO2,,,
#04627a,107.535,NO2,,,
#046477,108.07,NO2,,,
#046576,108.605,NO2,,,
#046477,109.14,NO2,,,
#046773,109.675,NO2,,,
#056b6e,110.21,NO2,,,
#056a6f,110.745,NO2,,,
#056b6e,111.28,NO2,,,
#056e6b,111.815,NO2,,,
#057068,112.35,NO2,,,
#057166,112.885,NO2,,,
#057168,113.42,NO2,,,
#057265,113.955,NO2,,,
#057462,114.49,NO2,,,
#057463,115.025,NO2,,,
#05795c,115.56,NO2,,,
#05795d,116.095,NO2,,,
#057b59,116.63,NO2,,,
#057c57,117.165,NO2,,,
#057c58,117.7,NO2,,,
#057d57,118.235,NO2,,,
#067e55,118.77,NO2,,,
#06834e,119.305,NO2,,,
#06854c,119.84,NO2,,,
#06834e,120.375,NO2,,,
#06864b,120.91,NO2,,,
#068849,121.445,NO2,,,
#06874a,121.98,NO2,,,
#068749,122.515,NO2,,,
#068946,123.05,NO2,,,
#068b43,123.585,NO2,,,
#068c42,124.12,NO2,,,
#068b43,124.655,NO2,,,
#068e3f,125.19,NO2,,,
#06923a,125.725,NO2,,,
#06913b,126.26,NO2,,,
#079437,126.795,NO2,,,
#079634,127.33,NO2,,,
#079732,127.865,NO2,,,
#079733,128.4,NO2,,,
#079832,128.935,NO2,,,
#079a30,129.47,NO2,,,
#079f29,130.005,NO2,,,
#07a027,130.54,NO2,,,
#07a029,131.075,NO2,,,
#07a226,131.61,NO2,,,
#07a423,132.145,NO2,,,
#07a324,132.68,NO2,,,
#07a323,133.215,NO2,,,
#07a521,133.75,NO2,,,
#08aa1b,134.285,NO2,,,
#08ac19,134.82,NO2,,,
#08ab1b,135.355,NO2,,,
#08ac18,135.89,NO2,,,
#08ad15,136.425,NO2,,,
#08ad16,136.96,NO2,,,
#08ad15,137.495,NO2,,,
#08b012,138.03,NO2,,,
#09b210,138.565,NO2,,,
#09b30f,139.1,NO2,,,
#08b30f,139.635,NO2,,,
#0cb40f,140.17,NO2,,,
#12b50e,140.705,NO2,,,
#11b50e,141.24,NO2,,,
#15b60e,141.775,NO2,,,
#14b60e,142.31,NO2,,,
#18b70e,142.845,NO2,,,
#1ab70e,143.38,NO2,,,
#18b70e,143.915,NO2,,,
#1bb80e,144.45,NO2,,,
#22ba0e,144.985,NO2,,,
#21ba0e,145.52,NO2,,,
#24bb0d,146.055,NO2,,,
#25bb0d,146.59,NO2,,,
#24bb0d,147.125,NO2,,,
#27bc0d,147.66,NO2,,,
#2abd0d,148.195,NO2,,,
#29bd0d,148.73,NO2,,,
#2abd0d,149.265,NO2,,,
#2dbe0d,149.8,NO2,,,
#32c00d,150.335,NO2,,,
#35c00d,150.87,NO2,,,
#33c00d,151.405,NO2,,,
#36c00d,151.94,NO2,,,
#39c10c,152.475,NO2,,,
#38c10c,153.01,NO2,,,
#3cc30c,153.545,NO2,,,
#3bc30c,154.08,NO2,,,
#42c40b,154.615,NO2,,,
#46c50b,155.15,NO2,,,
#44c50b,155.685,NO2,,,
#46c50b,156.22,NO2,,,
#49c60b,156.755,NO2,,,
#4dc70b,157.29,NO2,,,
#4fc80b,157.825,NO2,,,
#51c80b,158.36,NO2,,,
#4fc80b,158.895,NO2,,,
#52c90b,159.43,NO2,,,
#59cb0a,159.965,NO2,,,
#58cb0a,160.5,NO2,,,
#5bcc0a,161.035,NO2,,,
#5ccc0a,161.57,NO2,,,
#5bcc0a,162.105,NO2,,,
#5ecd0a,162.64,NO2,,,
#61ce09,163.175,NO2,,,
#60ce09,163.71,NO2,,,
#61ce09,164.245,NO2,,,
#65cf09,164.78,NO2,,,
#64cf09,165.315,NO2,,,
#6ad109,165.85,NO2,,,
#6dd209,166.385,NO2,,,
#6bd209,166.92,NO2,,,
#6dd209,167.455,NO2,,,
#71d309,167.99,NO2,,,
#70d309,168.525,NO2,,,
#74d408,169.06,NO2,,,
#73d408,169.595,NO2,,,
#79d508,170.13,NO2,,,
#7dd608,170.665,NO2,,,
#7bd608,171.2,NO2,,,
#7dd608,171.735,NO2,,,
#81d708,172.27,NO2,,,
#84d908,172.805,NO2,,,
#85d908,173.34,NO2,,,
#84d908,173.875,NO2,,,
#87da07,174.41,NO2,,,
#8ada07,174.945,NO2,,,
#88da07,175.48,NO2,,,
#8ada07,176.015,NO2,,,
#90dc07,176.55,NO2,,,
#93dd06,177.085,NO2,,,
#94dd06,177.62,NO2,,,
#93dd06,178.155,NO2,,,
#96dd06,178.69,NO2,,,
#99de06,179.225,NO2,,,
#97de06,179.76,NO2,,,
#99de06,180.295,NO2,,,
#a0e106,180.83,NO2,,,
#9fe106,181.365,NO2,,,
#a3e206,181.9,NO2,,,
#a5e306,182.435,NO2,,,
#a3e306,182.97,NO2,,,
#a5e306,183.505,NO2,,,
#a8e405,184.04,NO2,,,
#ace505,184.575,NO2,,,
#abe505,185.11,NO2,,,
#b0e604,185.645,NO2,,,
#b5e704,186.18,NO2,,,
#b4e704,186.715,NO2,,,
#b5e704,187.25,NO2,,,
#b8e904,187.785,NO2,,,
#bbea04,188.32,NO2,,,
#bcea04,188.855,NO2,,,
#bbea04,189.39,NO2,,,
#c0eb04,189.925,NO2,,,
#c5ec04,190.46,NO2,,,
#c4ec04,190.995,NO2,,,
#c8ed03,191.53,NO2,,,
#cbee03,192.065,NO2,,,
#cdee03,192.6,NO2,,,
#cbee03,193.135,NO2,,,
#cdef03,193.67,NO2,,,
#d1f003,194.205,NO2,,,
#d0f003,194.74,NO2,,,
#d7f203,195.275,NO2,,,
#d9f203,195.81,NO2,,,
#d7f203,196.345,NO2,,,
#daf302,196.88,NO2,,,
#ddf402,197.415,NO2,,,
#dbf402,197.95,NO2,,,
#ddf402,198.485,NO2,,,
#e0f502,199.02,NO2,,,
#e3f602,199.555,NO2,,,
#e2f502,200.09,NO2,,,
#e7f701,200.625,NO2,,,
#ecfa01,201.16,NO2,,,
#ebf901,201.695,NO2,,,
#ecf901,202.23,NO2,,,
#f0fa01,202.765,NO2,,,
#f3fb01,203.3,NO2,,,
#f4fb01,203.835,NO2,,,
#f3fb01,204.37,NO2,,,
#f7fc01,204.905,NO2,,,
#fdfd00,205.44,NO2,,,
#fcfd00,205.975,NO2,,,
#fefc00,206.51,NO2,,,
#fefa00,207.045,NO2,,,
#fef900,207.58,NO2,,,
#fefa00,208.115,NO2,,,
#fef800,208.65,NO2,,,
#fef500,209.185,NO2,,,
#feee00,209.72,NO2,,,
#feec00,210.255,NO2,,,
#feee00,210.79,NO2,,,
#feeb00,211.325,NO2,,,
#fee800,211.86,NO2,,,
#fee900,212.395,NO2,,,
#fee800,212.93,NO2,,,
#fee500,213.465,NO2,,,
#fedf00,214,NO2,,,
#fedc00,214.535,NO2,,,
#fede00,215.07,NO2,,,
#fedb00,215.605,NO2,,,
#fed800,216.14,NO2,,,
#fed900,216.675,NO2,,,
#fed500,217.21,NO2,,,
#fed200,217.745,NO2,,,
#fed000,218.28,NO2,,,
#fed200,218.815,NO2,,,
#fece00,219.35,NO2,,,
#fec800,219.885,NO2,,,
#fec900,220.42,NO2,,,
#fec500,220.955,NO2,,,
#fec600,221.49,NO2,,,
#fec300,222.025,NO2,,,
#fec000,222.56,NO2,,,
#fec200,223.095,NO2,,,
#febf00,223.63,NO2,,,
#feb900,224.165,NO2,,,
#feba00,224.7,NO2,,,
#feb700,225.235,NO2,,,
#feb600,225.77,NO2,,,
#feb700,226.305,NO2,,,
#feb400,226.84,NO2,,,
#feb000,227.375,NO2,,,
#feb100,227.91,NO2,,,
#feb000,228.445,NO2,,,
#fead00,228.98,NO2,,,
#feae00,229.515,NO2,,,
#fea700,230.05,NO2,,,
#fea400,230.585,NO2,,,
#fea500,231.12,NO2,,,
#fea400,231.655,NO2,,,
#fea200,232.19,NO2,,,
#fe9e00,232.725,NO2,,,
#fe9f00,233.26,NO2,,,
#fe9b00,233.795,NO2,,,
#fe9900,234.33,NO2,,,
#fe9b00,234.865,NO2,,,
#fe9800,235.4,NO2,,,
#fe9100,235.935,NO2,,,
#fe9200,236.47,NO2,,,
#fe8e00,237.005,NO2,,,
#fe8f00,237.54,NO2,,,
#fe8c00,238.075,NO2,,,
#fe8900,238.61,NO2,,,
#fe8b00,239.145,NO2,,,
#fe8800,239.68,NO2,,,
#fe8200,240.215,NO2,,,
#fe7f00,240.75,NO2,,,
#fe7e00,241.285,NO2,,,
#fe7f00,241.82,NO2,,,
#fe7c00,242.355,NO2,,,
#fe7900,242.89,NO2,,,
#fe7a00,243.425,NO2,,,
#fe7600,243.96,NO2,,,
#fe7700,244.495,NO2,,,
#fe7100,245.03,NO2,,,
#fe6d00,245.565,NO2,,,
#fe6f00,246.1,NO2,,,
#fe6d00,246.635,NO2,,,
#fe6900,247.17,NO2,,,
#fe6a00,247.705,NO2,,,
#fe6700,248.24,NO2,,,
#fe6800,248.775,NO2,,,
#fe6200,249.31,NO2,,,
#fe5e00,249.845,NO2,,,
#fe5f00,250.38,NO2,,,
#fe5e00,250.915,NO2,,,
#fe5b00,251.45,NO2,,,
#fe5800,251.985,NO2,,,
#fe5700,252.52,NO2,,,
#fe5800,253.055,NO2,,,
#fe5500,253.59,NO2,,,
#fe5200,254.125,NO2,,,
#fe5400,254.66,NO2,,,
#fe5200,255.195,NO2,,,
#fe4b00,255.73,NO2,,,
#fe4800,256.265,NO2,,,
#fe4600,256.8,NO2,,,
#fe4800,257.335,NO2,,,
#fe4500,257.87,NO2,,,
#fe4200,258.405,NO2,,,
#fe4400,258.94,NO2,,,
#fe4300,259.475,NO2,,,
#fe3b00,260.01,NO2,,,
#fe3a00,260.545,NO2,,,
#fe3c00,261.08,NO2,,,
#fe3800,261.615,NO2,,,
#fe3600,262.15,NO2,,,
#fe3800,262.685,NO2,,,
#fe3600,263.22,NO2,,,
#fe3300,263.755,NO2,,,
#fe3000,264.29,NO2,,,
#fe2f00,264.825,NO2,,,
#fe3000,265.36,NO2,,,
#fe2b00,265.895,NO2,,,
#fe2700,266.43,NO2,,,
#fe2800,266.965,NO2,,,
#fe2700,267.5,NO2,,,
#fe2400,268.035,NO2,,,
#fe2100,268.57,NO2,,,
#fe2000,269.105,NO2,,,
#fe2100,269.64,NO2,,,
#fe1e00,270.175,NO2,,,
#fe1b00,270.71,NO2,,,
#fe1d00,271.245,NO2,,,
#fe1b00,271.78,NO2,,,
#fe1300,272.315,NO2,,,
#fe1000,272.85,NO2,,,
#fe0e00,273.385,NO2,,,
#fe0f00,273.92,NO2,,,
#fe0e00,274.455,NO2,,,
#fe0c00,274.99,NO2,,,
#fe0500,275.525,NO2,,,
#fe0300,276.06,NO2,,,
#fe0500,276.595,NO2,,,
#fe0200,277.13,NO2,,,
#fe0000,277.665,NO2,,,
#ff0000,278.2,NO2,,,
#e70000,278.735,NO2,,,
#9a0000,279.27,NO2,,,
#480000,280,NO2,,,
#ffffff,0,O3,,,
#fbfbfe,0.287,O3,,,
#f9f9fe,0.574,O3,,,
#fbfbfe,0.861,O3,,,
#f8f8fe,1.148,O3,,,
#f1f1fe,1.435,O3,,,
#f2f2fe,1.722,O3,,,
#efeffe,2.009,O3,,,
#f0f0fe,2.296,O3,,,
#ededfe,2.583,O3,,,
#eaeafe,2.87,O3,,,
#ececfe,3.157,O3,,,
#e9e9fe,3.444,O3,,,
#e2e2fe,3.731,O3,,,
#dfdffe,4.018,O3,,,
#dedefe,4.305,O3,,,
#dfdffe,4.592,O3,,,
#dcdcfe,4.879,O3,,,
#d9d9fe,5.166,O3,,,
#dadafe,5.453,O3,,,
#d6d6fe,5.74,O3,,,
#d7d7fe,6.027,O3,,,
#d1d1fe,6.314,O3,,,
#cecefe,6.601,O3,,,
#d0d0fe,6.888,O3,,,
#cecefe,7.175,O3,,,
#cbcbfe,7.462,O3,,,
#c7c7fe,7.749,O3,,,
#c8c8fe,8.036,O3,,,
#c2c2fe,8.323,O3,,,
#bebefe,8.61,O3,,,
#bfbffe,8.897,O3,,,
#bebefe,9.184,O3,,,
#bbbbfe,9.471,O3,,,
#b8b8fe,9.758,O3,,,
#b7b7fe,10.045,O3,,,
#b8b8fe,10.332,O3,,,
#b5b5fe,10.619,O3,,,
#b2b2fe,10.906,O3,,,
#b4b4fe,11.193,O3,,,
#b2b2fe,11.48,O3,,,
#ababfe,11.767,O3,,,
#a8a8fe,12.054,O3,,,
#a6a6fe,12.341,O3,,,
#a8a8fe,12.628,O3,,,
#a6a6fe,12.915,O3,,,
#a2a2fe,13.202,O3,,,
#a3a3fe,13.489,O3,,,
#9f9ffe,13.776,O3,,,
#a0a0fe,14.063,O3,,,
#9a9afe,14.35,O3,,,
#9696fe,14.637,O3,,,
#9797fe,14.924,O3,,,
#9696fe,15.211,O3,,,
#9494fe,15.498,O3,,,
#9191fe,15.785,O3,,,
#9090fe,16.072,O3,,,
#9191fe,16.359,O3,,,
#8c8cfe,16.646,O3,,,
#8787fe,16.933,O3,,,
#8888fe,17.22,O3,,,
#8787fe,17.507,O3,,,
#8484fe,17.794,O3,,,
#8181fe,18.081,O3,,,
#8080fe,18.368,O3,,,
#8181fe,18.655,O3,,,
#7e7efe,18.942,O3,,,
#7b7bfe,19.229,O3,,,
#7d7dfe,19.516,O3,,,
#7b7bfe,19.803,O3,,,
#7474fe,20.09,O3,,,
#7575fe,20.377,O3,,,
#7171fe,20.664,O3,,,
#6f6ffe,20.951,O3,,,
#7171fe,21.238,O3,,,
#6f6ffe,21.525,O3,,,
#6c6cfe,21.812,O3,,,
#6565fe,22.099,O3,,,
#6363fe,22.386,O3,,,
#6565fe,22.673,O3,,,
#6262fe,22.96,O3,,,
#5f5ffe,23.247,O3,,,
#6060fe,23.534,O3,,,
#5f5ffe,23.821,O3,,,
#5c5cfe,24.108,O3,,,
#5a5afe,24.395,O3,,,
#5959fe,24.682,O3,,,
#5a5afe,24.969,O3,,,
#5555fe,25.256,O3,,,
#5050fe,25.543,O3,,,
#5151fe,25.83,O3,,,
#4d4dfe,26.117,O3,,,
#4e4efe,26.404,O3,,,
#4949fe,26.691,O3,,,
#4747fe,26.978,O3,,,
#4949fe,27.265,O3,,,
#4545fe,27.552,O3,,,
#3f3ffe,27.839,O3,,,
#4040fe,28.126,O3,,,
#3d3dfe,28.413,O3,,,
#3e3efe,28.7,O3,,,
#3b3bfe,28.987,O3,,,
#3838fe,29.274,O3,,,
#3a3afe,29.561,O3,,,
#3838fe,29.848,O3,,,
#3535fe,30.135,O3,,,
#2e2efe,30.422,O3,,,
#2c2cfe,30.709,O3,,,
#2e2efe,30.996,O3,,,
#2b2bfe,31.283,O3,,,
#2828fe,31.57,O3,,,
#2929fe,31.857,O3,,,
#2828fe,32.144,O3,,,
#2525fe,32.431,O3,,,
#2222fe,32.718,O3,,,
#2121fe,33.005,O3,,,
#2222fe,33.292,O3,,,
#1e1efe,33.579,O3,,,
#1818fe,33.866,O3,,,
#1919fe,34.153,O3,,,
#1515fe,34.44,O3,,,
#1616fe,34.727,O3,,,
#1212fe,35.014,O3,,,
#1010fe,35.301,O3,,,
#1212fe,35.588,O3,,,
#0f0ffe,35.875,O3,,,
#0808fe,36.162,O3,,,
#0909fe,36.449,O3,,,
#0505fe,36.736,O3,,,
#0606fe,37.023,O3,,,
#0303fe,37.31,O3,,,
#0101fe,37.597,O3,,,
#0202fe,37.884,O3,,,
#0002fc,38.171,O3,,,
#0006f6,38.458,O3,,,
#0008f3,38.745,O3,,,
#0006f5,39.032,O3,,,
#0008f2,39.319,O3,,,
#000bef,39.606,O3,,,
#000af0,39.893,O3,,,
#010ced,40.18,O3,,,
#010bee,40.467,O3,,,
#0110e7,40.754,O3,,,
#0113e4,41.041,O3,,,
#0112e5,41.328,O3,,,
#0113e4,41.615,O3,,,
#0115e2,41.902,O3,,,
#0118de,42.189,O3,,,
#011adc,42.476,O3,,,
#011bdb,42.763,O3,,,
#011adc,43.05,O3,,,
#011cd9,43.337,O3,,,
#0120d2,43.624,O3,,,
#0120d3,43.911,O3,,,
#0223d0,44.198,O3,,,
#0223cf,44.485,O3,,,
#0222d0,44.772,O3,,,
#0224cd,45.059,O3,,,
#0227ca,45.346,O3,,,
#0226cc,45.633,O3,,,
#0227ca,45.92,O3,,,
#022bc4,46.207,O3,,,
#022dc1,46.494,O3,,,
#022ebf,46.781,O3,,,
#022ec0,47.068,O3,,,
#022fbf,47.355,O3,,,
#0231bd,47.642,O3,,,
#0233b9,47.929,O3,,,
#0232ba,48.216,O3,,,
#0337b4,48.503,O3,,,
#033ab0,48.79,O3,,,
#0339b1,49.077,O3,,,
#033ab0,49.364,O3,,,
#033bae,49.651,O3,,,
#033eaa,49.938,O3,,,
#033dab,50.225,O3,,,
#0340a8,50.512,O3,,,
#0342a6,50.799,O3,,,
#0340a8,51.086,O3,,,
#0342a5,51.373,O3,,,
#03479f,51.66,O3,,,
#03499c,51.947,O3,,,
#034a9b,52.234,O3,,,
#03499c,52.521,O3,,,
#034b99,52.808,O3,,,
#044e96,53.095,O3,,,
#044d98,53.382,O3,,,
#044e96,53.669,O3,,,
#045290,53.956,O3,,,
#04548e,54.243,O3,,,
#04558d,54.53,O3,,,
#04558e,54.817,O3,,,
#04568c,55.104,O3,,,
#045888,55.391,O3,,,
#045889,55.678,O3,,,
#045a85,55.965,O3,,,
#045986,56.252,O3,,,
#045e81,56.539,O3,,,
#04617d,56.826,O3,,,
#04607e,57.113,O3,,,
#04607d,57.4,O3,,,
#04627a,57.687,O3,,,
#046477,57.974,O3,,,
#046576,58.261,O3,,,
#046477,58.548,O3,,,
#046773,58.835,O3,,,
#056b6e,59.122,O3,,,
#056a6f,59.409,O3,,,
#056b6e,59.696,O3,,,
#056e6b,59.983,O3,,,
#057068,60.27,O3,,,
#057166,60.557,O3,,,
#057168,60.844,O3,,,
#057265,61.131,O3,,,
#057462,61.418,O3,,,
#057463,61.705,O3,,,
#05795c,61.992,O3,,,
#05795d,62.279,O3,,,
#057b59,62.566,O3,,,
#057c57,62.853,O3,,,
#057c58,63.14,O3,,,
#057d57,63.427,O3,,,
#067e55,63.714,O3,,,
#06834e,64.001,O3,,,
#06854c,64.288,O3,,,
#06834e,64.575,O3,,,
#06864b,64.862,O3,,,
#068849,65.149,O3,,,
#06874a,65.436,O3,,,
#068749,65.723,O3,,,
#068946,66.01,O3,,,
#068b43,66.297,O3,,,
#068c42,66.584,O3,,,
#068b43,66.871,O3,,,
#068e3f,67.158,O3,,,
#06923a,67.445,O3,,,
#06913b,67.732,O3,,,
#079437,68.019,O3,,,
#079634,68.306,O3,,,
#079732,68.593,O3,,,
#079733,68.88,O3,,,
#079832,69.167,O3,,,
#079a30,69.454,O3,,,
#079f29,69.741,O3,,,
#07a027,70.028,O3,,,
#07a029,70.315,O3,,,
#07a226,70.602,O3,,,
#07a423,70.889,O3,,,
#07a324,71.176,O3,,,
#07a323,71.463,O3,,,
#07a521,71.75,O3,,,
#08aa1b,72.037,O3,,,
#08ac19,72.324,O3,,,
#08ab1b,72.611,O3,,,
#08ac18,72.898,O3,,,
#08ad15,73.185,O3,,,
#08ad16,73.472,O3,,,
#08ad15,73.759,O3,,,
#08b012,74.046,O3,,,
#09b210,74.333,O3,,,
#09b30f,74.62,O3,,,
#08b30f,74.907,O3,,,
#0cb40f,75.194,O3,,,
#12b50e,75.481,O3,,,
#11b50e,75.768,O3,,,
#15b60e,76.055,O3,,,
#14b60e,76.342,O3,,,
#18b70e,76.629,O3,,,
#1ab70e,76.916,O3,,,
#18b70e,77.203,O3,,,
#1bb80e,77.49,O3,,,
#22ba0e,77.777,O3,,,
#21ba0e,78.064,O3,,,
#24bb0d,78.351,O3,,,
#25bb0d,78.638,O3,,,
#24bb0d,78.925,O3,,,
#27bc0d,79.212,O3,,,
#2abd0d,79.499,O3,,,
#29bd0d,79.786,O3,,,
#2abd0d,80.073,O3,,,
#2dbe0d,80.36,O3,,,
#32c00d,80.647,O3,,,
#35c00d,80.934,O3,,,
#33c00d,81.221,O3,,,
#36c00d,81.508,O3,,,
#39c10c,81.795,O3,,,
#38c10c,82.082,O3,,,
#3cc30c,82.369,O3,,,
#3bc30c,82.656,O3,,,
#42c40b,82.943,O3,,,
#46c50b,83.23,O3,,,
#44c50b,83.517,O3,,,
#46c50b,83.804,O3,,,
#49c60b,84.091,O3,,,
#4dc70b,84.378,O3,,,
#4fc80b,84.665,O3,,,
#51c80b,84.952,O3,,,
#4fc80b,85.239,O3,,,
#52c90b,85.526,O3,,,
#59cb0a,85.813,O3,,,
#58cb0a,86.1,O3,,,
#5bcc0a,86.387,O3,,,
#5ccc0a,86.674,O3,,,
#5bcc0a,86.961,O3,,,
#5ecd0a,87.248,O3,,,
#61ce09,87.535,O3,,,
#60ce09,87.822,O3,,,
#61ce09,88.109,O3,,,
#65cf09,88.396,O3,,,
#64cf09,88.683,O3,,,
#6ad109,88.97,O3,,,
#6dd209,89.257,O3,,,
#6bd209,89.544,O3,,,
#6dd209,89.831,O3,,,
#71d309,90.118,O3,,,
#70d309,90.405,O3,,,
#74d408,90.692,O3,,,
#73d408,90.979,O3,,,
#79d508,91.266,O3,,,
#7dd608,91.553,O3,,,
#7bd608,91.84,O3,,,
#7dd608,92.127,O3,,,
#81d708,92.414,O3,,,
#84d908,92.701,O3,,,
#85d908,92.988,O3,,,
#84d908,93.275,O3,,,
#87da07,93.562,O3,,,
#8ada07,93.849,O3,,,
#88da07,94.136,O3,,,
#8ada07,94.423,O3,,,
#90dc07,94.71,O3,,,
#93dd06,94.997,O3,,,
#94dd06,95.284,O3,,,
#93dd06,95.571,O3,,,
#96dd06,95.858,O3,,,
#99de06,96.145,O3,,,
#97de06,96.432,O3,,,
#99de06,96.719,O3,,,
#a0e106,97.006,O3,,,
#9fe106,97.293,O3,,,
#a3e206,97.58,O3,,,
#a5e306,97.867,O3,,,
#a3e306,98.154,O3,,,
#a5e306,98.441,O3,,,
#a8e405,98.728,O3,,,
#ace505,99.015,O3,,,
#abe505,99.302,O3,,,
#b0e604,99.589,O3,,,
#b5e704,99.876,O3,,,
#b4e704,100.163,O3,,,
#b5e704,100.45,O3,,,
#b8e904,100.737,O3,,,
#bbea04,101.024,O3,,,
#bcea04,101.311,O3,,,
#bbea04,101.598,O3,,,
#c0eb04,101.885,O3,,,
#c5ec04,102.172,O3,,,
#c4ec04,102.459,O3,,,
#c8ed03,102.746,O3,,,
#cbee03,103.033,O3,,,
#cdee03,103.32,O3,,,
#cbee03,103.607,O3,,,
#cdef03,103.894,O3,,,
#d1f003,104.181,O3,,,
#d0f003,104.468,O3,,,
#d7f203,104.755,O3,,,
#d9f203,105.042,O3,,,
#d7f203,105.329,O3,,,
#daf302,105.616,O3,,,
#ddf402,105.903,O3,,,
#dbf402,106.19,O3,,,
#ddf402,106.477,O3,,,
#e0f502,106.764,O3,,,
#e3f602,107.051,O3,,,
#e2f502,107.338,O3,,,
#e7f701,107.625,O3,,,
#ecfa01,107.912,O3,,,
#ebf901,108.199,O3,,,
#ecf901,108.486,O3,,,
#f0fa01,108.773,O3,,,
#f3fb01,109.06,O3,,,
#f4fb01,109.347,O3,,,
#f3fb01,109.634,O3,,,
#f7fc01,109.921,O3,,,
#fdfd00,110.208,O3,,,
#fcfd00,110.495,O3,,,
#fefc00,110.782,O3,,,
#fefa00,111.069,O3,,,
#fef900,111.356,O3,,,
#fefa00,111.643,O3,,,
#fef800,111.93,O3,,,
#fef500,112.217,O3,,,
#feee00,112.504,O3,,,
#feec00,112.791,O3,,,
#feee00,113.078,O3,,,
#feeb00,113.365,O3,,,
#fee800,113.652,O3,,,
#fee900,113.939,O3,,,
#fee800,114.226,O3,,,
#fee500,114.513,O3,,,
#fedf00,114.8,O3,,,
#fedc00,115.087,O3,,,
#fede00,115.374,O3,,,
#fedb00,115.661,O3,,,
#fed800,115.948,O3,,,
#fed900,116.235,O3,,,
#fed500,116.522,O3,,,
#fed200,116.809,O3,,,
#fed000,117.096,O3,,,
#fed200,117.383,O3,,,
#fece00,117.67,O3,,,
#fec800,117.957,O3,,,
#fec900,118.244,O3,,,
#fec500,118.531,O3,,,
#fec600,118.818,O3,,,
#fec300,119.105,O3,,,
#fec000,119.392,O3,,,
#fec200,119.679,O3,,,
#febf00,119.966,O3,,,
#feb900,120.253,O3,,,
#feba00,120.54,O3,,,
#feb700,120.827,O3,,,
#feb600,121.114,O3,,,
#feb700,121.401,O3,,,
#feb400,121.688,O3,,,
#feb000,121.975,O3,,,
#feb100,122.262,O3,,,
#feb000,122.549,O3,,,
#fead00,122.836,O3,,,
#feae00,123.123,O3,,,
#fea700,123.41,O3,,,
#fea400,123.697,O3,,,
#fea500,123.984,O3,,,
#fea400,124.271,O3,,,
#fea200,124.558,O3,,,
#fe9e00,124.845,O3,,,
#fe9f00,125.132,O3,,,
#fe9b00,125.419,O3,,,
#fe9900,125.706,O3,,,
#fe9b00,125.993,O3,,,
#fe9800,126.28,O3,,,
#fe9100,126.567,O3,,,
#fe9200,126.854,O3,,,
#fe8e00,127.141,O3,,,
#fe8f00,127.428,O3,,,
#fe8c00,127.715,O3,,,
#fe8900,128.002,O3,,,
#fe8b00,128.289,O3,,,
#fe8800,128.576,O3,,,
#fe8200,128.863,O3,,,
#fe7f00,129.15,O3,,,
#fe7e00,129.437,O3,,,
#fe7f00,129.724,O3,,,
#fe7c00,130.011,O3,,,
#fe7900,130.298,O3,,,
#fe7a00,130.585,O3,,,
#fe7600,130.872,O3,,,
#fe7700,131.159,O3,,,
#fe7100,131.446,O3,,,
#fe6d00,131.733,O3,,,
#fe6f00,132.02,O3,,,
#fe6d00,132.307,O3,,,
#fe6900,132.594,O3,,,
#fe6a00,132.881,O3,,,
#fe6700,133.168,O3,,,
#fe6800,133.455,O3,,,
#fe6200,133.742,O3,,,
#fe5e00,134.029,O3,,,
#fe5f00,134.316,O3,,,
#fe5e00,134.603,O3,,,
#fe5b00,134.89,O3,,,
#fe5800,135.177,O3,,,
#fe5700,135.464,O3,,,
#fe5800,135.751,O3,,,
#fe5500,136.038,O3,,,
#fe5200,136.325,O3,,,
#fe5400,136.612,O3,,,
#fe5200,136.899,O3,,,
#fe4b00,137.186,O3,,,
#fe4800,137.473,O3,,,
#fe4600,137.76,O3,,,
#fe4800,138.047,O3,,,
#fe4500,138.334,O3,,,
#fe4200,138.621,O3,,,
#fe4400,138.908,O3,,,
#fe4300,139.195,O3,,,
#fe3b00,139.482,O3,,,
#fe3a00,139.769,O3,,,
#fe3c00,140.056,O3,,,
#fe3800,140.343,O3,,,
#fe3600,140.63,O3,,,
#fe3800,140.917,O3,,,
#fe3600,141.204,O3,,,
#fe3300,141.491,O3,,,
#fe3000,141.778,O3,,,
#fe2f00,142.065,O3,,,
#fe3000,142.352,O3,,,
#fe2b00,142.639,O3,,,
#fe2700,142.926,O3,,,
#fe2800,143.213,O3,,,
#fe2700,143.5,O3,,,
#fe2400,143.787,O3,,,
#fe2100,144.074,O3,,,
#fe2000,144.361,O3,,,
#fe2100,144.648,O3,,,
#fe1e00,144.935,O3,,,
#fe1b00,145.222,O3,,,
#fe1d00,145.509,O3,,,
#fe1b00,145.796,O3,,,
#fe1300,146.083,O3,,,
#fe1000,146.37,O3,,,
#fe0e00,146.657,O3,,,
#fe0f00,146.944,O3,,,
#fe0e00,147.231,O3,,,
#fe0c00,147.518,O3,,,
#fe0500,147.805,O3,,,
#fe0300,148.092,O3,,,
#fe0500,148.379,O3,,,
#fe0200,148.666,O3,,,
#fe0000,148.953,O3,,,
#ff0000,149.24,O3,,,
#e70000,149.527,O3,,,
#9a0000,149.814,O3,,,
#480000,150,O3,,,
#ffffff,0,SO2,,,
#fbfbfe,0.458,SO2,,,
#f9f9fe,0.916,SO2,,,
#fbfbfe,1.374,SO2,,,
#f8f8fe,1.832,SO2,,,
#f1f1fe,2.29,SO2,,,
#f2f2fe,2.748,SO2,,,
#efeffe,3.206,SO2,,,
#f0f0fe,3.664,SO2,,,
#ededfe,4.122,SO2,,,
#eaeafe,4.58,SO2,,,
#ececfe,5.038,SO2,,,
#e9e9fe,5.496,SO2,,,
#e2e2fe,5.954,SO2,,,
#dfdffe,6.412,SO2,,,
#dedefe,6.87,SO2,,,
#dfdffe,7.328,SO2,,,
#dcdcfe,7.786,SO2,,,
#d9d9fe,8.244,SO2,,,
#dadafe,8.702,SO2,,,
#d6d6fe,9.16,SO2,,,
#d7d7fe,9.618,SO2,,,
#d1d1fe,10.076,SO2,,,
#cecefe,10.534,SO2,,,
#d0d0fe,10.992,SO2,,,
#cecefe,11.45,SO2,,,
#cbcbfe,11.908,SO2,,,
#c7c7fe,12.366,SO2,,,
#c8c8fe,12.824,SO2,,,
#c2c2fe,13.282,SO2,,,
#bebefe,13.74,SO2,,,
#bfbffe,14.198,SO2,,,
#bebefe,14.656,SO2,,,
#bbbbfe,15.114,SO2,,,
#b8b8fe,15.572,SO2,,,
#b7b7fe,16.03,SO2,,,
#b8b8fe,16.488,SO2,,,
#b5b5fe,16.946,SO2,,,
#b2b2fe,17.404,SO2,,,
#b4b4fe,17.862,SO2,,,
#b2b2fe,18.32,SO2,,,
#ababfe,18.778,SO2,,,
#a8a8fe,19.236,SO2,,,
#a6a6fe,19.694,SO2,,,
#a8a8fe,20.152,SO2,,,
#a6a6fe,20.61,SO2,,,
#a2a2fe,21.068,SO2,,,
#a3a3fe,21.526,SO2,,,
#9f9ffe,21.984,SO2,,,
#a0a0fe,22.442,SO2,,,
#9a9afe,22.9,SO2,,,
#9696fe,23.358,SO2,,,
#9797fe,23.816,SO2,,,
#9696fe,24.274,SO2,,,
#9494fe,24.732,SO2,,,
#9191fe,25.19,SO2,,,
#9090fe,25.648,SO2,,,
#9191fe,26.106,SO2,,,
#8c8cfe,26.564,SO2,,,
#8787fe,27.022,SO2,,,
#8888fe,27.48,SO2,,,
#8787fe,27.938,SO2,,,
#8484fe,28.396,SO2,,,
#8181fe,28.854,SO2,,,
#8080fe,29.312,SO2,,,
#8181fe,29.77,SO2,,,
#7e7efe,30.228,SO2,,,
#7b7bfe,30.686,SO2,,,
#7d7dfe,31.144,SO2,,,
#7b7bfe,31.602,SO2,,,
#7474fe,32.06,SO2,,,
#7575fe,32.518,SO2,,,
#7171fe,32.976,SO2,,,
#6f6ffe,33.434,SO2,,,
#7171fe,33.892,SO2,,,
#6f6ffe,34.35,SO2,,,
#6c6cfe,34.808,SO2,,,
#6565fe,35.266,SO2,,,
#6363fe,35.724,SO2,,,
#6565fe,36.182,SO2,,,
#6262fe,36.64,SO2,,,
#5f5ffe,37.098,SO2,,,
#6060fe,37.556,SO2,,,
#5f5ffe,38.014,SO2,,,
#5c5cfe,38.472,SO2,,,
#5a5afe,38.93,SO2,,,
#5959fe,39.388,SO2,,,
#5a5afe,39.846,SO2,,,
#5555fe,40.304,SO2,,,
#5050fe,40.762,SO2,,,
#5151fe,41.22,SO2,,,
#4d4dfe,41.678,SO2,,,
#4e4efe,42.136,SO2,,,
#4949fe,42.594,SO2,,,
#4747fe,43.052,SO2,,,
#4949fe,43.51,SO2,,,
#4545fe,43.968,SO2,,,
#3f3ffe,44.426,SO2,,,
#4040fe,44.884,SO2,,,
#3d3dfe,45.342,SO2,,,
#3e3efe,45.8,SO2,,,
#3b3bfe,46.258,SO2,,,
#3838fe,46.716,SO2,,,
#3a3afe,47.174,SO2,,,
#3838fe,47.632,SO2,,,
#3535fe,48.09,SO2,,,
#2e2efe,48.548,SO2,,,
#2c2cfe,49.006,SO2,,,
#2e2efe,49.464,SO2,,,
#2b2bfe,49.922,SO2,,,
#2828fe,50.38,SO2,,,
#2929fe,50.838,SO2,,,
#2828fe,51.296,SO2,,,
#2525fe,51.754,SO2,,,
#2222fe,52.212,SO2,,,
#2121fe,52.67,SO2,,,
#2222fe,53.128,SO2,,,
#1e1efe,53.586,SO2,,,
#1818fe,54.044,SO2,,,
#1919fe,54.502,SO2,,,
#1515fe,54.96,SO2,,,
#1616fe,55.418,SO2,,,
#1212fe,55.876,SO2,,,
#1010fe,56.334,SO2,,,
#1212fe,56.792,SO2,,,
#0f0ffe,57.25,SO2,,,
#0808fe,57.708,SO2,,,
#0909fe,58.166,SO2,,,
#0505fe,58.624,SO2,,,
#0606fe,59.082,SO2,,,
#0303fe,59.54,SO2,,,
#0101fe,59.998,SO2,,,
#0202fe,60.456,SO2,,,
#0002fc,60.914,SO2,,,
#0006f6,61.372,SO2,,,
#0008f3,61.83,SO2,,,
#0006f5,62.288,SO2,,,
#0008f2,62.746,SO2,,,
#000bef,63.204,SO2,,,
#000af0,63.662,SO2,,,
#010ced,64.12,SO2,,,
#010bee,64.578,SO2,,,
#0110e7,65.036,SO2,,,
#0113e4,65.494,SO2,,,
#0112e5,65.952,SO2,,,
#0113e4,66.41,SO2,,,
#0115e2,66.868,SO2,,,
#0118de,67.326,SO2,,,
#011adc,67.784,SO2,,,
#011bdb,68.242,SO2,,,
#011adc,68.7,SO2,,,
#011cd9,69.158,SO2,,,
#0120d2,69.616,SO2,,,
#0120d3,70.074,SO2,,,
#0223d0,70.532,SO2,,,
#0223cf,70.99,SO2,,,
#0222d0,71.448,SO2,,,
#0224cd,71.906,SO2,,,
#0227ca,72.364,SO2,,,
#0226cc,72.822,SO2,,,
#0227ca,73.28,SO2,,,
#022bc4,73.738,SO2,,,
#022dc1,74.196,SO2,,,
#022ebf,74.654,SO2,,,
#022ec0,75.112,SO2,,,
#022fbf,75.57,SO2,,,
#0231bd,76.028,SO2,,,
#0233b9,76.486,SO2,,,
#0232ba,76.944,SO2,,,
#0337b4,77.402,SO2,,,
#033ab0,77.86,SO2,,,
#0339b1,78.318,SO2,,,
#033ab0,78.776,SO2,,,
#033bae,79.234,SO2,,,
#033eaa,79.692,SO2,,,
#033dab,80.15,SO2,,,
#0340a8,80.608,SO2,,,
#0342a6,81.066,SO2,,,
#0340a8,81.524,SO2,,,
#0342a5,81.982,SO2,,,
#03479f,82.44,SO2,,,
#03499c,82.898,SO2,,,
#034a9b,83.356,SO2,,,
#03499c,83.814,SO2,,,
#034b99,84.272,SO2,,,
#044e96,84.73,SO2,,,
#044d98,85.188,SO2,,,
#044e96,85.646,SO2,,,
#045290,86.104,SO2,,,
#04548e,86.562,SO2,,,
#04558d,87.02,SO2,,,
#04558e,87.478,SO2,,,
#04568c,87.936,SO2,,,
#045888,88.394,SO2,,,
#045889,88.852,SO2,,,
#045a85,89.31,SO2,,,
#045986,89.768,SO2,,,
#045e81,90.226,SO2,,,
#04617d,90.684,SO2,,,
#04607e,91.142,SO2,,,
#04607d,91.6,SO2,,,
#04627a,92.058,SO2,,,
#046477,92.516,SO2,,,
#046576,92.974,SO2,,,
#046477,93.432,SO2,,,
#046773,93.89,SO2,,,
#056b6e,94.348,SO2,,,
#056a6f,94.806,SO2,,,
#056b6e,95.264,SO2,,,
#056e6b,95.722,SO2,,,
#057068,96.18,SO2,,,
#057166,96.638,SO2,,,
#057168,97.096,SO2,,,
#057265,97.554,SO2,,,
#057462,98.012,SO2,,,
#057463,98.47,SO2,,,
#05795c,98.928,SO2,,,
#05795d,99.386,SO2,,,
#057b59,99.844,SO2,,,
#057c57,100.302,SO2,,,
#057c58,100.76,SO2,,,
#057d57,101.218,SO2,,,
#067e55,101.676,SO2,,,
#06834e,102.134,SO2,,,
#06854c,102.592,SO2,,,
#06834e,103.05,SO2,,,
#06864b,103.508,SO2,,,
#068849,103.966,SO2,,,
#06874a,104.424,SO2,,,
#068749,104.882,SO2,,,
#068946,105.34,SO2,,,
#068b43,105.798,SO2,,,
#068c42,106.256,SO2,,,
#068b43,106.714,SO2,,,
#068e3f,107.172,SO2,,,
#06923a,107.63,SO2,,,
#06913b,108.088,SO2,,,
#079437,108.546,SO2,,,
#079634,109.004,SO2,,,
#079732,109.462,SO2,,,
#079733,109.92,SO2,,,
#079832,110.378,SO2,,,
#079a30,110.836,SO2,,,
#079f29,111.294,SO2,,,
#07a027,111.752,SO2,,,
#07a029,112.21,SO2,,,
#07a226,112.668,SO2,,,
#07a423,113.126,SO2,,,
#07a324,113.584,SO2,,,
#07a323,114.042,SO2,,,
#07a521,114.5,SO2,,,
#08aa1b,114.958,SO2,,,
#08ac19,115.416,SO2,,,
#08ab1b,115.874,SO2,,,
#08ac18,116.332,SO2,,,
#08ad15,116.79,SO2,,,
#08ad16,117.248,SO2,,,
#08ad15,117.706,SO2,,,
#08b012,118.164,SO2,,,
#09b210,118.622,SO2,,,
#09b30f,119.08,SO2,,,
#08b30f,119.538,SO2,,,
#0cb40f,119.996,SO2,,,
#12b50e,120.454,SO2,,,
#11b50e,120.912,SO2,,,
#15b60e,121.37,SO2,,,
#14b60e,121.828,SO2,,,
#18b70e,122.286,SO2,,,
#1ab70e,122.744,SO2,,,
#18b70e,123.202,SO2,,,
#1bb80e,123.66,SO2,,,
#22ba0e,124.118,SO2,,,
#21ba0e,124.576,SO2,,,
#24bb0d,125.034,SO2,,,
#25bb0d,125.492,SO2,,,
#24bb0d,125.95,SO2,,,
#27bc0d,126.408,SO2,,,
#2abd0d,126.866,SO2,,,
#29bd0d,127.324,SO2,,,
#2abd0d,127.782,SO2,,,
#2dbe0d,128.24,SO2,,,
#32c00d,128.698,SO2,,,
#35c00d,129.156,SO2,,,
#33c00d,129.614,SO2,,,
#36c00d,130.072,SO2,,,
#39c10c,130.53,SO2,,,
#38c10c,130.988,SO2,,,
#3cc30c,131.446,SO2,,,
#3bc30c,131.904,SO2,,,
#42c40b,132.362,SO2,,,
#46c50b,132.82,SO2,,,
#44c50b,133.278,SO2,,,
#46c50b,133.736,SO2,,,
#49c60b,134.194,SO2,,,
#4dc70b,134.652,SO2,,,
#4fc80b,135.11,SO2,,,
#51c80b,135.568,SO2,,,
#4fc80b,136.026,SO2,,,
#52c90b,136.484,SO2,,,
#59cb0a,136.942,SO2,,,
#58cb0a,137.4,SO2,,,
#5bcc0a,137.858,SO2,,,
#5ccc0a,138.316,SO2,,,
#5bcc0a,138.774,SO2,,,
#5ecd0a,139.232,SO2,,,
#61ce09,139.69,SO2,,,
#60ce09,140.148,SO2,,,
#61ce09,140.606,SO2,,,
#65cf09,141.064,SO2,,,
#64cf09,141.522,SO2,,,
#6ad109,141.98,SO2,,,
#6dd209,142.438,SO2,,,
#6bd209,142.896,SO2,,,
#6dd209,143.354,SO2,,,
#71d309,143.812,SO2,,,
#70d309,144.27,SO2,,,
#74d408,144.728,SO2,,,
#73d408,145.186,SO2,,,
#79d508,145.644,SO2,,,
#7dd608,146.102,SO2,,,
#7bd608,146.56,SO2,,,
#7dd608,147.018,SO2,,,
#81d708,147.476,SO2,,,
#84d908,147.934,SO2,,,
#85d908,148.392,SO2,,,
#84d908,148.85,SO2,,,
#87da07,149.308,SO2,,,
#8ada07,149.766,SO2,,,
#88da07,150.224,SO2,,,
#8ada07,150.682,SO2,,,
#90dc07,151.14,SO2,,,
#93dd06,151.598,SO2,,,
#94dd06,152.056,SO2,,,
#93dd06,152.514,SO2,,,
#96dd06,152.972,SO2,,,
#99de06,153.43,SO2,,,
#97de06,153.888,SO2,,,
#99de06,154.346,SO2,,,
#a0e106,154.804,SO2,,,
#9fe106,155.262,SO2,,,
#a3e206,155.72,SO2,,,
#a5e306,156.178,SO2,,,
#a3e306,156.636,SO2,,,
#a5e306,157.094,SO2,,,
#a8e405,157.552,SO2,,,
#ace505,158.01,SO2,,,
#abe505,158.468,SO2,,,
#b0e604,158.926,SO2,,,
#b5e704,159.384,SO2,,,
#b4e704,159.842,SO2,,,
#b5e704,160.3,SO2,,,
#b8e904,160.758,SO2,,,
#bbea04,161.216,SO2,,,
#bcea04,161.674,SO2,,,
#bbea04,162.132,SO2,,,
#c0eb04,162.59,SO2,,,
#c5ec04,163.048,SO2,,,
#c4ec04,163.506,SO2,,,
#c8ed03,163.964,SO2,,,
#cbee03,164.422,SO2,,,
#cdee03,164.88,SO2,,,
#cbee03,165.338,SO2,,,
#cdef03,165.796,SO2,,,
#d1f003,166.254,SO2,,,
#d0f003,166.712,SO2,,,
#d7f203,167.17,SO2,,,
#d9f203,167.628,SO2,,,
#d7f203,168.086,SO2,,,
#daf302,168.544,SO2,,,
#ddf402,169.002,SO2,,,
#dbf402,169.46,SO2,,,
#ddf402,169.918,SO2,,,
#e0f502,170.376,SO2,,,
#e3f602,170.834,SO2,,,
#e2f502,171.292,SO2,,,
#e7f701,171.75,SO2,,,
#ecfa01,172.208,SO2,,,
#ebf901,172.666,SO2,,,
#ecf901,173.124,SO2,,,
#f0fa01,173.582,SO2,,,
#f3fb01,174.04,SO2,,,
#f4fb01,174.498,SO2,,,
#f3fb01,174.956,SO2,,,
#f7fc01,175.414,SO2,,,
#fdfd00,175.872,SO2,,,
#fcfd00,176.33,SO2,,,
#fefc00,176.788,SO2,,,
#fefa00,177.246,SO2,,,
#fef900,177.704,SO2,,,
#fefa00,178.162,SO2,,,
#fef800,178.62,SO2,,,
#fef500,179.078,SO2,,,
#feee00,179.536,SO2,,,
#feec00,179.994,SO2,,,
#feee00,180.452,SO2,,,
#feeb00,180.91,SO2,,,
#fee800,181.368,SO2,,,
#fee900,181.826,SO2,,,
#fee800,182.284,SO2,,,
#fee500,182.742,SO2,,,
#fedf00,183.2,SO2,,,
#fedc00,183.658,SO2,,,
#fede00,184.116,SO2,,,
#fedb00,184.574,SO2,,,
#fed800,185.032,SO2,,,
#fed900,185.49,SO2,,,
#fed500,185.948,SO2,,,
#fed200,186.406,SO2,,,
#fed000,186.864,SO2,,,
#fed200,187.322,SO2,,,
#fece00,187.78,SO2,,,
#fec800,188.238,SO2,,,
#fec900,188.696,SO2,,,
#fec500,189.154,SO2,,,
#fec600,189.612,SO2,,,
#fec300,190.07,SO2,,,
#fec000,190.528,SO2,,,
#fec200,190.986,SO2,,,
#febf00,191.444,SO2,,,
#feb900,191.902,SO2,,,
#feba00,192.36,SO2,,,
#feb700,192.818,SO2,,,
#feb600,193.276,SO2,,,
#feb700,193.734,SO2,,,
#feb400,194.192,SO2,,,
#feb000,194.65,SO2,,,
#feb100,195.108,SO2,,,
#feb000,195.566,SO2,,,
#fead00,196.024,SO2,,,
#feae00,196.482,SO2,,,
#fea700,196.94,SO2,,,
#fea400,197.398,SO2,,,
#fea500,197.856,SO2,,,
#fea400,198.314,SO2,,,
#fea200,198.772,SO2,,,
#fe9e00,199.23,SO2,,,
#fe9f00,199.688,SO2,,,
#fe9b00,200.146,SO2,,,
#fe9900,200.604,SO2,,,
#fe9b00,201.062,SO2,,,
#fe9800,201.52,SO2,,,
#fe9100,201.978,SO2,,,
#fe9200,202.436,SO2,,,
#fe8e00,202.894,SO2,,,
#fe8f00,203.352,SO2,,,
#fe8c00,203.81,SO2,,,
#fe8900,204.268,SO2,,,
#fe8b00,204.726,SO2,,,
#fe8800,205.184,SO2,,,
#fe8200,205.642,SO2,,,
#fe7f00,206.1,SO2,,,
#fe7e00,206.558,SO2,,,
#fe7f00,207.016,SO2,,,
#fe7c00,207.474,SO2,,,
#fe7900,207.932,SO2,,,
#fe7a00,208.39,SO2,,,
#fe7600,208.848,SO2,,,
#fe7700,209.306,SO2,,,
#fe7100,209.764,SO2,,,
#fe6d00,210.222,SO2,,,
#fe6f00,210.68,SO2,,,
#fe6d00,211.138,SO2,,,
#fe6900,211.596,SO2,,,
#fe6a00,212.054,SO2,,,
#fe6700,212.512,SO2,,,
#fe6800,212.97,SO2,,,
#fe6200,213.428,SO2,,,
#fe5e00,213.886,SO2,,,
#fe5f00,214.344,SO2,,,
#fe5e00,214.802,SO2,,,
#fe5b00,215.26,SO2,,,
#fe5800,215.718,SO2,,,
#fe5700,216.176,SO2,,,
#fe5800,216.634,SO2,,,
#fe5500,217.092,SO2,,,
#fe5200,217.55,SO2,,,
#fe5400,218.008,SO2,,,
#fe5200,218.466,SO2,,,
#fe4b00,218.924,SO2,,,
#fe4800,219.382,SO2,,,
#fe4600,219.84,SO2,,,
#fe4800,220.298,SO2,,,
#fe4500,220.756,SO2,,,
#fe4200,221.214,SO2,,,
#fe4400,221.672,SO2,,,
#fe4300,222.13,SO2,,,
#fe3b00,222.588,SO2,,,
#fe3a00,223.046,SO2,,,
#fe3c00,223.504,SO2,,,
#fe3800,223.962,SO2,,,
#fe3600,224.42,SO2,,,
#fe3800,224.878,SO2,,,
#fe3600,225.336,SO2,,,
#fe3300,225.794,SO2,,,
#fe3000,226.252,SO2,,,
#fe2f00,226.71,SO2,,,
#fe3000,227.168,SO2,,,
#fe2b00,227.626,SO2,,,
#fe2700,228.084,SO2,,,
#fe2800,228.542,SO2,,,
#fe2700,229,SO2,,,
#fe2400,229.458,SO2,,,
#fe2100,229.916,SO2,,,
#fe2000,230.374,SO2,,,
#fe2100,230.832,SO2,,,
#fe1e00,231.29,SO2,,,
#fe1b00,231.748,SO2,,,
#fe1d00,232.206,SO2,,,
#fe1b00,232.664,SO2,,,
#fe1300,233.122,SO2,,,
#fe1000,233.58,SO2,,,
#fe0e00,234.038,SO2,,,
#fe0f00,234.496,SO2,,,
#fe0e00,234.954,SO2,,,
#fe0c00,235.412,SO2,,,
#fe0500,235.87,SO2,,,
#fe0300,236.328,SO2,,,
#fe0500,236.786,SO2,,,
#fe0200,237.244,SO2,,,
#fe0000,237.702,SO2,,,
#ff0000,238.16,SO2,,,
#e70000,238.618,SO2,,,
#9a0000,239.076,SO2,,,
#480000,240,SO2,,,
#ffffff,0,PM10,,,
#fbfbfe,0.382,PM10,,,
#f9f9fe,0.764,PM10,,,
#fbfbfe,1.146,PM10,,,
#f8f8fe,1.528,PM10,,,
#f1f1fe,1.91,PM10,,,
#f2f2fe,2.292,PM10,,,
#efeffe,2.674,PM10,,,
#f0f0fe,3.056,PM10,,,
#ededfe,3.438,PM10,,,
#eaeafe,3.82,PM10,,,
#ececfe,4.202,PM10,,,
#e9e9fe,4.584,PM10,,,
#e2e2fe,4.966,PM10,,,
#dfdffe,5.348,PM10,,,
#dedefe,5.73,PM10,,,
#dfdffe,6.112,PM10,,,
#dcdcfe,6.494,PM10,,,
#d9d9fe,6.876,PM10,,,
#dadafe,7.258,PM10,,,
#d6d6fe,7.64,PM10,,,
#d7d7fe,8.022,PM10,,,
#d1d1fe,8.404,PM10,,,
#cecefe,8.786,PM10,,,
#d0d0fe,9.168,PM10,,,
#cecefe,9.55,PM10,,,
#cbcbfe,9.932,PM10,,,
#c7c7fe,10.314,PM10,,,
#c8c8fe,10.696,PM10,,,
#c2c2fe,11.078,PM10,,,
#bebefe,11.46,PM10,,,
#bfbffe,11.842,PM10,,,
#bebefe,12.224,PM10,,,
#bbbbfe,12.606,PM10,,,
#b8b8fe,12.988,PM10,,,
#b7b7fe,13.37,PM10,,,
#b8b8fe,13.752,PM10,,,
#b5b5fe,14.134,PM10,,,
#b2b2fe,14.516,PM10,,,
#b4b4fe,14.898,PM10,,,
#b2b2fe,15.28,PM10,,,
#ababfe,15.662,PM10,,,
#a8a8fe,16.044,PM10,,,
#a6a6fe,16.426,PM10,,,
#a8a8fe,16.808,PM10,,,
#a6a6fe,17.19,PM10,,,
#a2a2fe,17.572,PM10,,,
#a3a3fe,17.954,PM10,,,
#9f9ffe,18.336,PM10,,,
#a0a0fe,18.718,PM10,,,
#9a9afe,19.1,PM10,,,
#9696fe,19.482,PM10,,,
#9797fe,19.864,PM10,,,
#9696fe,20.246,PM10,,,
#9494fe,20.628,PM10,,,
#9191fe,21.01,PM10,,,
#9090fe,21.392,PM10,,,
#9191fe,21.774,PM10,,,
#8c8cfe,22.156,PM10,,,
#8787fe,22.538,PM10,,,
#8888fe,22.92,PM10,,,
#8787fe,23.302,PM10,,,
#8484fe,23.684,PM10,,,
#8181fe,24.066,PM10,,,
#8080fe,24.448,PM10,,,
#8181fe,24.83,PM10,,,
#7e7efe,25.212,PM10,,,
#7b7bfe,25.594,PM10,,,
#7d7dfe,25.976,PM10,,,
#7b7bfe,26.358,PM10,,,
#7474fe,26.74,PM10,,,
#7575fe,27.122,PM10,,,
#7171fe,27.504,PM10,,,
#6f6ffe,27.886,PM10,,,
#7171fe,28.268,PM10,,,
#6f6ffe,28.65,PM10,,,
#6c6cfe,29.032,PM10,,,
#6565fe,29.414,PM10,,,
#6363fe,29.796,PM10,,,
#6565fe,30.178,PM10,,,
#6262fe,30.56,PM10,,,
#5f5ffe,30.942,PM10,,,
#6060fe,31.324,PM10,,,
#5f5ffe,31.706,PM10,,,
#5c5cfe,32.088,PM10,,,
#5a5afe,32.47,PM10,,,
#5959fe,32.852,PM10,,,
#5a5afe,33.234,PM10,,,
#5555fe,33.616,PM10,,,
#5050fe,33.998,PM10,,,
#5151fe,34.38,PM10,,,
#4d4dfe,34.762,PM10,,,
#4e4efe,35.144,PM10,,,
#4949fe,35.526,PM10,,,
#4747fe,35.908,PM10,,,
#4949fe,36.29,PM10,,,
#4545fe,36.672,PM10,,,
#3f3ffe,37.054,PM10,,,
#4040fe,37.436,PM10,,,
#3d3dfe,37.818,PM10,,,
#3e3efe,38.2,PM10,,,
#3b3bfe,38.582,PM10,,,
#3838fe,38.964,PM10,,,
#3a3afe,39.346,PM10,,,
#3838fe,39.728,PM10,,,
#3535fe,40.11,PM10,,,
#2e2efe,40.492,PM10,,,
#2c2cfe,40.874,PM10,,,
#2e2efe,41.256,PM10,,,
#2b2bfe,41.638,PM10,,,
#2828fe,42.02,PM10,,,
#2929fe,42.402,PM10,,,
#2828fe,42.784,PM10,,,
#2525fe,43.166,PM10,,,
#2222fe,43.548,PM10,,,
#2121fe,43.93,PM10,,,
#2222fe,44.312,PM10,,,
#1e1efe,44.694,PM10,,,
#1818fe,45.076,PM10,,,
#1919fe,45.458,PM10,,,
#1515fe,45.84,PM10,,,
#1616fe,46.222,PM10,,,
#1212fe,46.604,PM10,,,
#1010fe,46.986,PM10,,,
#1212fe,47.368,PM10,,,
#0f0ffe,47.75,PM10,,,
#0808fe,48.132,PM10,,,
#0909fe,48.514,PM10,,,
#0505fe,48.896,PM10,,,
#0606fe,49.278,PM10,,,
#0303fe,49.66,PM10,,,
#0101fe,50.042,PM10,,,
#0202fe,50.424,PM10,,,
#0002fc,50.806,PM10,,,
#0006f6,51.188,PM10,,,
#0008f3,51.57,PM10,,,
#0006f5,51.952,PM10,,,
#0008f2,52.334,PM10,,,
#000bef,52.716,PM10,,,
#000af0,53.098,PM10,,,
#010ced,53.48,PM10,,,
#010bee,53.862,PM10,,,
#0110e7,54.244,PM10,,,
#0113e4,54.626,PM10,,,
#0112e5,55.008,PM10,,,
#0113e4,55.39,PM10,,,
#0115e2,55.772,PM10,,,
#0118de,56.154,PM10,,,
#011adc,56.536,PM10,,,
#011bdb,56.918,PM10,,,
#011adc,57.3,PM10,,,
#011cd9,57.682,PM10,,,
#0120d2,58.064,PM10,,,
#0120d3,58.446,PM10,,,
#0223d0,58.828,PM10,,,
#0223cf,59.21,PM10,,,
#0222d0,59.592,PM10,,,
#0224cd,59.974,PM10,,,
#0227ca,60.356,PM10,,,
#0226cc,60.738,PM10,,,
#0227ca,61.12,PM10,,,
#022bc4,61.502,PM10,,,
#022dc1,61.884,PM10,,,
#022ebf,62.266,PM10,,,
#022ec0,62.648,PM10,,,
#022fbf,63.03,PM10,,,
#0231bd,63.412,PM10,,,
#0233b9,63.794,PM10,,,
#0232ba,64.176,PM10,,,
#0337b4,64.558,PM10,,,
#033ab0,64.94,PM10,,,
#0339b1,65.322,PM10,,,
#033ab0,65.704,PM10,,,
#033bae,66.086,PM10,,,
#033eaa,66.468,PM10,,,
#033dab,66.85,PM10,,,
#0340a8,67.232,PM10,,,
#0342a6,67.614,PM10,,,
#0340a8,67.996,PM10,,,
#0342a5,68.378,PM10,,,
#03479f,68.76,PM10,,,
#03499c,69.142,PM10,,,
#034a9b,69.524,PM10,,,
#03499c,69.906,PM10,,,
#034b99,70.288,PM10,,,
#044e96,70.67,PM10,,,
#044d98,71.052,PM10,,,
#044e96,71.434,PM10,,,
#045290,71.816,PM10,,,
#04548e,72.198,PM10,,,
#04558d,72.58,PM10,,,
#04558e,72.962,PM10,,,
#04568c,73.344,PM10,,,
#045888,73.726,PM10,,,
#045889,74.108,PM10,,,
#045a85,74.49,PM10,,,
#045986,74.872,PM10,,,
#045e81,75.254,PM10,,,
#04617d,75.636,PM10,,,
#04607e,76.018,PM10,,,
#04607d,76.4,PM10,,,
#04627a,76.782,PM10,,,
#046477,77.164,PM10,,,
#046576,77.546,PM10,,,
#046477,77.928,PM10,,,
#046773,78.31,PM10,,,
#056b6e,78.692,PM10,,,
#056a6f,79.074,PM10,,,
#056b6e,79.456,PM10,,,
#056e6b,79.838,PM10,,,
#057068,80.22,PM10,,,
#057166,80.602,PM10,,,
#057168,80.984,PM10,,,
#057265,81.366,PM10,,,
#057462,81.748,PM10,,,
#057463,82.13,PM10,,,
#05795c,82.512,PM10,,,
#05795d,82.894,PM10,,,
#057b59,83.276,PM10,,,
#057c57,83.658,PM10,,,
#057c58,84.04,PM10,,,
#057d57,84.422,PM10,,,
#067e55,84.804,PM10,,,
#06834e,85.186,PM10,,,
#06854c,85.568,PM10,,,
#06834e,85.95,PM10,,,
#06864b,86.332,PM10,,,
#068849,86.714,PM10,,,
#06874a,87.096,PM10,,,
#068749,87.478,PM10,,,
#068946,87.86,PM10,,,
#068b43,88.242,PM10,,,
#068c42,88.624,PM10,,,
#068b43,89.006,PM10,,,
#068e3f,89.388,PM10,,,
#06923a,89.77,PM10,,,
#06913b,90.152,PM10,,,
#079437,90.534,PM10,,,
#079634,90.916,PM10,,,
#079732,91.298,PM10,,,
#079733,91.68,PM10,,,
#079832,92.062,PM10,,,
#079a30,92.444,PM10,,,
#079f29,92.826,PM10,,,
#07a027,93.208,PM10,,,
#07a029,93.59,PM10,,,
#07a226,93.972,PM10,,,
#07a423,94.354,PM10,,,
#07a324,94.736,PM10,,,
#07a323,95.118,PM10,,,
#07a521,95.5,PM10,,,
#08aa1b,95.882,PM10,,,
#08ac19,96.264,PM10,,,
#08ab1b,96.646,PM10,,,
#08ac18,97.028,PM10,,,
#08ad15,97.41,PM10,,,
#08ad16,97.792,PM10,,,
#08ad15,98.174,PM10,,,
#08b012,98.556,PM10,,,
#09b210,98.938,PM10,,,
#09b30f,99.32,PM10,,,
#08b30f,99.702,PM10,,,
#0cb40f,100.084,PM10,,,
#12b50e,100.466,PM10,,,
#11b50e,100.848,PM10,,,
#15b60e,101.23,PM10,,,
#14b60e,101.612,PM10,,,
#18b70e,101.994,PM10,,,
#1ab70e,102.376,PM10,,,
#18b70e,102.758,PM10,,,
#1bb80e,103.14,PM10,,,
#22ba0e,103.522,PM10,,,
#21ba0e,103.904,PM10,,,
#24bb0d,104.286,PM10,,,
#25bb0d,104.668,PM10,,,
#24bb0d,105.05,PM10,,,
#27bc0d,105.432,PM10,,,
#2abd0d,105.814,PM10,,,
#29bd0d,106.196,PM10,,,
#2abd0d,106.578,PM10,,,
#2dbe0d,106.96,PM10,,,
#32c00d,107.342,PM10,,,
#35c00d,107.724,PM10,,,
#33c00d,108.106,PM10,,,
#36c00d,108.488,PM10,,,
#39c10c,108.87,PM10,,,
#38c10c,109.252,PM10,,,
#3cc30c,109.634,PM10,,,
#3bc30c,110.016,PM10,,,
#42c40b,110.398,PM10,,,
#46c50b,110.78,PM10,,,
#44c50b,111.162,PM10,,,
#46c50b,111.544,PM10,,,
#49c60b,111.926,PM10,,,
#4dc70b,112.308,PM10,,,
#4fc80b,112.69,PM10,,,
#51c80b,113.072,PM10,,,
#4fc80b,113.454,PM10,,,
#52c90b,113.836,PM10,,,
#59cb0a,114.218,PM10,,,
#58cb0a,114.6,PM10,,,
#5bcc0a,114.982,PM10,,,
#5ccc0a,115.364,PM10,,,
#5bcc0a,115.746,PM10,,,
#5ecd0a,116.128,PM10,,,
#61ce09,116.51,PM10,,,
#60ce09,116.892,PM10,,,
#61ce09,117.274,PM10,,,
#65cf09,117.656,PM10,,,
#64cf09,118.038,PM10,,,
#6ad109,118.42,PM10,,,
#6dd209,118.802,PM10,,,
#6bd209,119.184,PM10,,,
#6dd209,119.566,PM10,,,
#71d309,119.948,PM10,,,
#70d309,120.33,PM10,,,
#74d408,120.712,PM10,,,
#73d408,121.094,PM10,,,
#79d508,121.476,PM10,,,
#7dd608,121.858,PM10,,,
#7bd608,122.24,PM10,,,
#7dd608,122.622,PM10,,,
#81d708,123.004,PM10,,,
#84d908,123.386,PM10,,,
#85d908,123.768,PM10,,,
#84d908,124.15,PM10,,,
#87da07,124.532,PM10,,,
#8ada07,124.914,PM10,,,
#88da07,125.296,PM10,,,
#8ada07,125.678,PM10,,,
#90dc07,126.06,PM10,,,
#93dd06,126.442,PM10,,,
#94dd06,126.824,PM10,,,
#93dd06,127.206,PM10,,,
#96dd06,127.588,PM10,,,
#99de06,127.97,PM10,,,
#97de06,128.352,PM10,,,
#99de06,128.734,PM10,,,
#a0e106,129.116,PM10,,,
#9fe106,129.498,PM10,,,
#a3e206,129.88,PM10,,,
#a5e306,130.262,PM10,,,
#a3e306,130.644,PM10,,,
#a5e306,131.026,PM10,,,
#a8e405,131.408,PM10,,,
#ace505,131.79,PM10,,,
#abe505,132.172,PM10,,,
#b0e604,132.554,PM10,,,
#b5e704,132.936,PM10,,,
#b4e704,133.318,PM10,,,
#b5e704,133.7,PM10,,,
#b8e904,134.082,PM10,,,
#bbea04,134.464,PM10,,,
#bcea04,134.846,PM10,,,
#bbea04,135.228,PM10,,,
#c0eb04,135.61,PM10,,,
#c5ec04,135.992,PM10,,,
#c4ec04,136.374,PM10,,,
#c8ed03,136.756,PM10,,,
#cbee03,137.138,PM10,,,
#cdee03,137.52,PM10,,,
#cbee03,137.902,PM10,,,
#cdef03,138.284,PM10,,,
#d1f003,138.666,PM10,,,
#d0f003,139.048,PM10,,,
#d7f203,139.43,PM10,,,
#d9f203,139.812,PM10,,,
#d7f203,140.194,PM10,,,
#daf302,140.576,PM10,,,
#ddf402,140.958,PM10,,,
#dbf402,141.34,PM10,,,
#ddf402,141.722,PM10,,,
#e0f502,142.104,PM10,,,
#e3f602,142.486,PM10,,,
#e2f502,142.868,PM10,,,
#e7f701,143.25,PM10,,,
#ecfa01,143.632,PM10,,,
#ebf901,144.014,PM10,,,
#ecf901,144.396,PM10,,,
#f0fa01,144.778,PM10,,,
#f3fb01,145.16,PM10,,,
#f4fb01,145.542,PM10,,,
#f3fb01,145.924,PM10,,,
#f7fc01,146.306,PM10,,,
#fdfd00,146.688,PM10,,,
#fcfd00,147.07,PM10,,,
#fefc00,147.452,PM10,,,
#fefa00,147.834,PM10,,,
#fef900,148.216,PM10,,,
#fefa00,148.598,PM10,,,
#fef800,148.98,PM10,,,
#fef500,149.362,PM10,,,
#feee00,149.744,PM10,,,
#feec00,150.126,PM10,,,
#feee00,150.508,PM10,,,
#feeb00,150.89,PM10,,,
#fee800,151.272,PM10,,,
#fee900,151.654,PM10,,,
#fee800,152.036,PM10,,,
#fee500,152.418,PM10,,,
#fedf00,152.8,PM10,,,
#fedc00,153.182,PM10,,,
#fede00,153.564,PM10,,,
#fedb00,153.946,PM10,,,
#fed800,154.328,PM10,,,
#fed900,154.71,PM10,,,
#fed500,155.092,PM10,,,
#fed200,155.474,PM10,,,
#fed000,155.856,PM10,,,
#fed200,156.238,PM10,,,
#fece00,156.62,PM10,,,
#fec800,157.002,PM10,,,
#fec900,157.384,PM10,,,
#fec500,157.766,PM10,,,
#fec600,158.148,PM10,,,
#fec300,158.53,PM10,,,
#fec000,158.912,PM10,,,
#fec200,159.294,PM10,,,
#febf00,159.676,PM10,,,
#feb900,160.058,PM10,,,
#feba00,160.44,PM10,,,
#feb700,160.822,PM10,,,
#feb600,161.204,PM10,,,
#feb700,161.586,PM10,,,
#feb400,161.968,PM10,,,
#feb000,162.35,PM10,,,
#feb100,162.732,PM10,,,
#feb000,163.114,PM10,,,
#fead00,163.496,PM10,,,
#feae00,163.878,PM10,,,
#fea700,164.26,PM10,,,
#fea400,164.642,PM10,,,
#fea500,165.024,PM10,,,
#fea400,165.406,PM10,,,
#fea200,165.788,PM10,,,
#fe9e00,166.17,PM10,,,
#fe9f00,166.552,PM10,,,
#fe9b00,166.934,PM10,,,
#fe9900,167.316,PM10,,,
#fe9b00,167.698,PM10,,,
#fe9800,168.08,PM10,,,
#fe9100,168.462,PM10,,,
#fe9200,168.844,PM10,,,
#fe8e00,169.226,PM10,,,
#fe8f00,169.608,PM10,,,
#fe8c00,169.99,PM10,,,
#fe8900,170.372,PM10,,,
#fe8b00,170.754,PM10,,,
#fe8800,171.136,PM10,,,
#fe8200,171.518,PM10,,,
#fe7f00,171.9,PM10,,,
#fe7e00,172.282,PM10,,,
#fe7f00,172.664,PM10,,,
#fe7c00,173.046,PM10,,,
#fe7900,173.428,PM10,,,
#fe7a00,173.81,PM10,,,
#fe7600,174.192,PM10,,,
#fe7700,174.574,PM10,,,
#fe7100,174.956,PM10,,,
#fe6d00,175.338,PM10,,,
#fe6f00,175.72,PM10,,,
#fe6d00,176.102,PM10,,,
#fe6900,176.484,PM10,,,
#fe6a00,176.866,PM10,,,
#fe6700,177.248,PM10,,,
#fe6800,177.63,PM10,,,
#fe6200,178.012,PM10,,,
#fe5e00,178.394,PM10,,,
#fe5f00,178.776,PM10,,,
#fe5e00,179.158,PM10,,,
#fe5b00,179.54,PM10,,,
#fe5800,179.922,PM10,,,
#fe5700,180.304,PM10,,,
#fe5800,180.686,PM10,,,
#fe5500,181.068,PM10,,,
#fe5200,181.45,PM10,,,
#fe5400,181.832,PM10,,,
#fe5200,182.214,PM10,,,
#fe4b00,182.596,PM10,,,
#fe4800,182.978,PM10,,,
#fe4600,183.36,PM10,,,
#fe4800,183.742,PM10,,,
#fe4500,184.124,PM10,,,
#fe4200,184.506,PM10,,,
#fe4400,184.888,PM10,,,
#fe4300,185.27,PM10,,,
#fe3b00,185.652,PM10,,,
#fe3a00,186.034,PM10,,,
#fe3c00,186.416,PM10,,,
#fe3800,186.798,PM10,,,
#fe3600,187.18,PM10,,,
#fe3800,187.562,PM10,,,
#fe3600,187.944,PM10,,,
#fe3300,188.326,PM10,,,
#fe3000,188.708,PM10,,,
#fe2f00,189.09,PM10,,,
#fe3000,189.472,PM10,,,
#fe2b00,189.854,PM10,,,
#fe2700,190.236,PM10,,,
#fe2800,190.618,PM10,,,
#fe2700,191,PM10,,,
#fe2400,191.382,PM10,,,
#fe2100,191.764,PM10,,,
#fe2000,192.146,PM10,,,
#fe2100,192.528,PM10,,,
#fe1e00,192.91,PM10,,,
#fe1b00,193.292,PM10,,,
#fe1d00,193.674,PM10,,,
#fe1b00,194.056,PM10,,,
#fe1300,194.438,PM10,,,
#fe1000,194.82,PM10,,,
#fe0e00,195.202,PM10,,,
#fe0f00,195.584,PM10,,,
#fe0e00,195.966,PM10,,,
#fe0c00,196.348,PM10,,,
#fe0500,196.73,PM10,,,
#fe0300,197.112,PM10,,,
#fe0500,197.494,PM10,,,
#fe0200,197.876,PM10,,,
#fe0000,198.258,PM10,,,
#ff0000,198.64,PM10,,,
#e70000,199.022,PM10,,,
#9a0000,199.404,PM10,,,
#480000,200,PM10,,,
#ffffff,0,PM25,,,
#fbfbfe,0.764,PM25,,,
#f9f9fe,1.528,PM25,,,
#fbfbfe,2.292,PM25,,,
#f8f8fe,3.056,PM25,,,
#f1f1fe,3.82,PM25,,,
#f2f2fe,4.584,PM25,,,
#efeffe,5.348,PM25,,,
#f0f0fe,6.112,PM25,,,
#ededfe,6.876,PM25,,,
#eaeafe,7.64,PM25,,,
#ececfe,8.404,PM25,,,
#e9e9fe,9.168,PM25,,,
#e2e2fe,9.932,PM25,,,
#dfdffe,10.696,PM25,,,
#dedefe,11.46,PM25,,,
#dfdffe,12.224,PM25,,,
#dcdcfe,12.988,PM25,,,
#d9d9fe,13.752,PM25,,,
#dadafe,14.516,PM25,,,
#d6d6fe,15.28,PM25,,,
#d7d7fe,16.044,PM25,,,
#d1d1fe,16.808,PM25,,,
#cecefe,17.572,PM25,,,
#d0d0fe,18.336,PM25,,,
#cecefe,19.1,PM25,,,
#cbcbfe,19.864,PM25,,,
#c7c7fe,20.628,PM25,,,
#c8c8fe,21.392,PM25,,,
#c2c2fe,22.156,PM25,,,
#bebefe,22.92,PM25,,,
#bfbffe,23.684,PM25,,,
#bebefe,24.448,PM25,,,
#bbbbfe,25.212,PM25,,,
#b8b8fe,25.976,PM25,,,
#b7b7fe,26.74,PM25,,,
#b8b8fe,27.504,PM25,,,
#b5b5fe,28.268,PM25,,,
#b2b2fe,29.032,PM25,,,
#b4b4fe,29.796,PM25,,,
#b2b2fe,30.56,PM25,,,
#ababfe,31.324,PM25,,,
#a8a8fe,32.088,PM25,,,
#a6a6fe,32.852,PM25,,,
#a8a8fe,33.616,PM25,,,
#a6a6fe,34.38,PM25,,,
#a2a2fe,35.144,PM25,,,
#a3a3fe,35.908,PM25,,,
#9f9ffe,36.672,PM25,,,
#a0a0fe,37.436,PM25,,,
#9a9afe,38.2,PM25,,,
#9696fe,38.964,PM25,,,
#9797fe,39.728,PM25,,,
#9696fe,40.492,PM25,,,
#9494fe,41.256,PM25,,,
#9191fe,42.02,PM25,,,
#9090fe,42.784,PM25,,,
#9191fe,43.548,PM25,,,
#8c8cfe,44.312,PM25,,,
#8787fe,45.076,PM25,,,
#8888fe,45.84,PM25,,,
#8787fe,46.604,PM25,,,
#8484fe,47.368,PM25,,,
#8181fe,48.132,PM25,,,
#8080fe,48.896,PM25,,,
#8181fe,49.66,PM25,,,
#7e7efe,50.424,PM25,,,
#7b7bfe,51.188,PM25,,,
#7d7dfe,51.952,PM25,,,
#7b7bfe,52.716,PM25,,,
#7474fe,53.48,PM25,,,
#7575fe,54.244,PM25,,,
#7171fe,55.008,PM25,,,
#6f6ffe,55.772,PM25,,,
#7171fe,56.536,PM25,,,
#6f6ffe,57.3,PM25,,,
#6c6cfe,58.064,PM25,,,
#6565fe,58.828,PM25,,,
#6363fe,59.592,PM25,,,
#6565fe,60.356,PM25,,,
#6262fe,61.12,PM25,,,
#5f5ffe,61.884,PM25,,,
#6060fe,62.648,PM25,,,
#5f5ffe,63.412,PM25,,,
#5c5cfe,64.176,PM25,,,
#5a5afe,64.94,PM25,,,
#5959fe,65.704,PM25,,,
#5a5afe,66.468,PM25,,,
#5555fe,67.232,PM25,,,
#5050fe,67.996,PM25,,,
#5151fe,68.76,PM25,,,
#4d4dfe,69.524,PM25,,,
#4e4efe,70.288,PM25,,,
#4949fe,71.052,PM25,,,
#4747fe,71.816,PM25,,,
#4949fe,72.58,PM25,,,
#4545fe,73.344,PM25,,,
#3f3ffe,74.108,PM25,,,
#4040fe,74.872,PM25,,,
#3d3dfe,75.636,PM25,,,
#3e3efe,76.4,PM25,,,
#3b3bfe,77.164,PM25,,,
#3838fe,77.928,PM25,,,
#3a3afe,78.692,PM25,,,
#3838fe,79.456,PM25,,,
#3535fe,80.22,PM25,,,
#2e2efe,80.984,PM25,,,
#2c2cfe,81.748,PM25,,,
#2e2efe,82.512,PM25,,,
#2b2bfe,83.276,PM25,,,
#2828fe,84.04,PM25,,,
#2929fe,84.804,PM25,,,
#2828fe,85.568,PM25,,,
#2525fe,86.332,PM25,,,
#2222fe,87.096,PM25,,,
#2121fe,87.86,PM25,,,
#2222fe,88.624,PM25,,,
#1e1efe,89.388,PM25,,,
#1818fe,90.152,PM25,,,
#1919fe,90.916,PM25,,,
#1515fe,91.68,PM25,,,
#1616fe,92.444,PM25,,,
#1212fe,93.208,PM25,,,
#1010fe,93.972,PM25,,,
#1212fe,94.736,PM25,,,
#0f0ffe,95.5,PM25,,,
#0808fe,96.264,PM25,,,
#0909fe,97.028,PM25,,,
#0505fe,97.792,PM25,,,
#0606fe,98.556,PM25,,,
#0303fe,99.32,PM25,,,
#0101fe,100.084,PM25,,,
#0202fe,100.848,PM25,,,
#0002fc,101.612,PM25,,,
#0006f6,102.376,PM25,,,
#0008f3,103.14,PM25,,,
#0006f5,103.904,PM25,,,
#0008f2,104.668,PM25,,,
#000bef,105.432,PM25,,,
#000af0,106.196,PM25,,,
#010ced,106.96,PM25,,,
#010bee,107.724,PM25,,,
#0110e7,108.488,PM25,,,
#0113e4,109.252,PM25,,,
#0112e5,110.016,PM25,,,
#0113e4,110.78,PM25,,,
#0115e2,111.544,PM25,,,
#0118de,112.308,PM25,,,
#011adc,113.072,PM25,,,
#011bdb,113.836,PM25,,,
#011adc,114.6,PM25,,,
#011cd9,115.364,PM25,,,
#0120d2,116.128,PM25,,,
#0120d3,116.892,PM25,,,
#0223d0,117.656,PM25,,,
#0223cf,118.42,PM25,,,
#0222d0,119.184,PM25,,,
#0224cd,119.948,PM25,,,
#0227ca,120.712,PM25,,,
#0226cc,121.476,PM25,,,
#0227ca,122.24,PM25,,,
#022bc4,123.004,PM25,,,
#022dc1,123.768,PM25,,,
#022ebf,124.532,PM25,,,
#022ec0,125.296,PM25,,,
#022fbf,126.06,PM25,,,
#0231bd,126.824,PM25,,,
#0233b9,127.588,PM25,,,
#0232ba,128.352,PM25,,,
#0337b4,129.116,PM25,,,
#033ab0,129.88,PM25,,,
#0339b1,130.644,PM25,,,
#033ab0,131.408,PM25,,,
#033bae,132.172,PM25,,,
#033eaa,132.936,PM25,,,
#033dab,133.7,PM25,,,
#0340a8,134.464,PM25,,,
#0342a6,135.228,PM25,,,
#0340a8,135.992,PM25,,,
#0342a5,136.756,PM25,,,
#03479f,137.52,PM25,,,
#03499c,138.284,PM25,,,
#034a9b,139.048,PM25,,,
#03499c,139.812,PM25,,,
#034b99,140.576,PM25,,,
#044e96,141.34,PM25,,,
#044d98,142.104,PM25,,,
#044e96,142.868,PM25,,,
#045290,143.632,PM25,,,
#04548e,144.396,PM25,,,
#04558d,145.16,PM25,,,
#04558e,145.924,PM25,,,
#04568c,146.688,PM25,,,
#045888,147.452,PM25,,,
#045889,148.216,PM25,,,
#045a85,148.98,PM25,,,
#045986,149.744,PM25,,,
#045e81,150.508,PM25,,,
#04617d,151.272,PM25,,,
#04607e,152.036,PM25,,,
#04607d,152.8,PM25,,,
#04627a,153.564,PM25,,,
#046477,154.328,PM25,,,
#046576,155.092,PM25,,,
#046477,155.856,PM25,,,
#046773,156.62,PM25,,,
#056b6e,157.384,PM25,,,
#056a6f,158.148,PM25,,,
#056b6e,158.912,PM25,,,
#056e6b,159.676,PM25,,,
#057068,160.44,PM25,,,
#057166,161.204,PM25,,,
#057168,161.968,PM25,,,
#057265,162.732,PM25,,,
#057462,163.496,PM25,,,
#057463,164.26,PM25,,,
#05795c,165.024,PM25,,,
#05795d,165.788,PM25,,,
#057b59,166.552,PM25,,,
#057c57,167.316,PM25,,,
#057c58,168.08,PM25,,,
#057d57,168.844,PM25,,,
#067e55,169.608,PM25,,,
#06834e,170.372,PM25,,,
#06854c,171.136,PM25,,,
#06834e,171.9,PM25,,,
#06864b,172.664,PM25,,,
#068849,173.428,PM25,,,
#06874a,174.192,PM25,,,
#068749,174.956,PM25,,,
#068946,175.72,PM25,,,
#068b43,176.484,PM25,,,
#068c42,177.248,PM25,,,
#068b43,178.012,PM25,,,
#068e3f,178.776,PM25,,,
#06923a,179.54,PM25,,,
#06913b,180.304,PM25,,,
#079437,181.068,PM25,,,
#079634,181.832,PM25,,,
#079732,182.596,PM25,,,
#079733,183.36,PM25,,,
#079832,184.124,PM25,,,
#079a30,184.888,PM25,,,
#079f29,185.652,PM25,,,
#07a027,186.416,PM25,,,
#07a029,187.18,PM25,,,
#07a226,187.944,PM25,,,
#07a423,188.708,PM25,,,
#07a324,189.472,PM25,,,
#07a323,190.236,PM25,,,
#07a521,191,PM25,,,
#08aa1b,191.764,PM25,,,
#08ac19,192.528,PM25,,,
#08ab1b,193.292,PM25,,,
#08ac18,194.056,PM25,,,
#08ad15,194.82,PM25,,,
#08ad16,195.584,PM25,,,
#08ad15,196.348,PM25,,,
#08b012,197.112,PM25,,,
#09b210,197.876,PM25,,,
#09b30f,198.64,PM25,,,
#08b30f,199.404,PM25,,,
#0cb40f,200.168,PM25,,,
#12b50e,200.932,PM25,,,
#11b50e,201.696,PM25,,,
#15b60e,202.46,PM25,,,
#14b60e,203.224,PM25,,,
#18b70e,203.988,PM25,,,
#1ab70e,204.752,PM25,,,
#18b70e,205.516,PM25,,,
#1bb80e,206.28,PM25,,,
#22ba0e,207.044,PM25,,,
#21ba0e,207.808,PM25,,,
#24bb0d,208.572,PM25,,,
#25bb0d,209.336,PM25,,,
#24bb0d,210.1,PM25,,,
#27bc0d,210.864,PM25,,,
#2abd0d,211.628,PM25,,,
#29bd0d,212.392,PM25,,,
#2abd0d,213.156,PM25,,,
#2dbe0d,213.92,PM25,,,
#32c00d,214.684,PM25,,,
#35c00d,215.448,PM25,,,
#33c00d,216.212,PM25,,,
#36c00d,216.976,PM25,,,
#39c10c,217.74,PM25,,,
#38c10c,218.504,PM25,,,
#3cc30c,219.268,PM25,,,
#3bc30c,220.032,PM25,,,
#42c40b,220.796,PM25,,,
#46c50b,221.56,PM25,,,
#44c50b,222.324,PM25,,,
#46c50b,223.088,PM25,,,
#49c60b,223.852,PM25,,,
#4dc70b,224.616,PM25,,,
#4fc80b,225.38,PM25,,,
#51c80b,226.144,PM25,,,
#4fc80b,226.908,PM25,,,
#52c90b,227.672,PM25,,,
#59cb0a,228.436,PM25,,,
#58cb0a,229.2,PM25,,,
#5bcc0a,229.964,PM25,,,
#5ccc0a,230.728,PM25,,,
#5bcc0a,231.492,PM25,,,
#5ecd0a,232.256,PM25,,,
#61ce09,233.02,PM25,,,
#60ce09,233.784,PM25,,,
#61ce09,234.548,PM25,,,
#65cf09,235.312,PM25,,,
#64cf09,236.076,PM25,,,
#6ad109,236.84,PM25,,,
#6dd209,237.604,PM25,,,
#6bd209,238.368,PM25,,,
#6dd209,239.132,PM25,,,
#71d309,239.896,PM25,,,
#70d309,240.66,PM25,,,
#74d408,241.424,PM25,,,
#73d408,242.188,PM25,,,
#79d508,242.952,PM25,,,
#7dd608,243.716,PM25,,,
#7bd608,244.48,PM25,,,
#7dd608,245.244,PM25,,,
#81d708,246.008,PM25,,,
#84d908,246.772,PM25,,,
#85d908,247.536,PM25,,,
#84d908,248.3,PM25,,,
#87da07,249.064,PM25,,,
#8ada07,249.828,PM25,,,
#88da07,250.592,PM25,,,
#8ada07,251.356,PM25,,,
#90dc07,252.12,PM25,,,
#93dd06,252.884,PM25,,,
#94dd06,253.648,PM25,,,
#93dd06,254.412,PM25,,,
#96dd06,255.176,PM25,,,
#99de06,255.94,PM25,,,
#97de06,256.704,PM25,,,
#99de06,257.468,PM25,,,
#a0e106,258.232,PM25,,,
#9fe106,258.996,PM25,,,
#a3e206,259.76,PM25,,,
#a5e306,260.524,PM25,,,
#a3e306,261.288,PM25,,,
#a5e306,262.052,PM25,,,
#a8e405,262.816,PM25,,,
#ace505,263.58,PM25,,,
#abe505,264.344,PM25,,,
#b0e604,265.108,PM25,,,
#b5e704,265.872,PM25,,,
#b4e704,266.636,PM25,,,
#b5e704,267.4,PM25,,,
#b8e904,268.164,PM25,,,
#bbea04,268.928,PM25,,,
#bcea04,269.692,PM25,,,
#bbea04,270.456,PM25,,,
#c0eb04,271.22,PM25,,,
#c5ec04,271.984,PM25,,,
#c4ec04,272.748,PM25,,,
#c8ed03,273.512,PM25,,,
#cbee03,274.276,PM25,,,
#cdee03,275.04,PM25,,,
#cbee03,275.804,PM25,,,
#cdef03,276.568,PM25,,,
#d1f003,277.332,PM25,,,
#d0f003,278.096,PM25,,,
#d7f203,278.86,PM25,,,
#d9f203,279.624,PM25,,,
#d7f203,280.388,PM25,,,
#daf302,281.152,PM25,,,
#ddf402,281.916,PM25,,,
#dbf402,282.68,PM25,,,
#ddf402,283.444,PM25,,,
#e0f502,284.208,PM25,,,
#e3f602,284.972,PM25,,,
#e2f502,285.736,PM25,,,
#e7f701,286.5,PM25,,,
#ecfa01,287.264,PM25,,,
#ebf901,288.028,PM25,,,
#ecf901,288.792,PM25,,,
#f0fa01,289.556,PM25,,,
#f3fb01,290.32,PM25,,,
#f4fb01,291.084,PM25,,,
#f3fb01,291.848,PM25,,,
#f7fc01,292.612,PM25,,,
#fdfd00,293.376,PM25,,,
#fcfd00,294.14,PM25,,,
#fefc00,294.904,PM25,,,
#fefa00,295.668,PM25,,,
#fef900,296.432,PM25,,,
#fefa00,297.196,PM25,,,
#fef800,297.96,PM25,,,
#fef500,298.724,PM25,,,
#feee00,299.488,PM25,,,
#feec00,300.252,PM25,,,
#feee00,301.016,PM25,,,
#feeb00,301.78,PM25,,,
#fee800,302.544,PM25,,,
#fee900,303.308,PM25,,,
#fee800,304.072,PM25,,,
#fee500,304.836,PM25,,,
#fedf00,305.6,PM25,,,
#fedc00,306.364,PM25,,,
#fede00,307.128,PM25,,,
#fedb00,307.892,PM25,,,
#fed800,308.656,PM25,,,
#fed900,309.42,PM25,,,
#fed500,310.184,PM25,,,
#fed200,310.948,PM25,,,
#fed000,311.712,PM25,,,
#fed200,312.476,PM25,,,
#fece00,313.24,PM25,,,
#fec800,314.004,PM25,,,
#fec900,314.768,PM25,,,
#fec500,315.532,PM25,,,
#fec600,316.296,PM25,,,
#fec300,317.06,PM25,,,
#fec000,317.824,PM25,,,
#fec200,318.588,PM25,,,
#febf00,319.352,PM25,,,
#feb900,320.116,PM25,,,
#feba00,320.88,PM25,,,
#feb700,321.644,PM25,,,
#feb600,322.408,PM25,,,
#feb700,323.172,PM25,,,
#feb400,323.936,PM25,,,
#feb000,324.7,PM25,,,
#feb100,325.464,PM25,,,
#feb000,326.228,PM25,,,
#fead00,326.992,PM25,,,
#feae00,327.756,PM25,,,
#fea700,328.52,PM25,,,
#fea400,329.284,PM25,,,
#fea500,330.048,PM25,,,
#fea400,330.812,PM25,,,
#fea200,331.576,PM25,,,
#fe9e00,332.34,PM25,,,
#fe9f00,333.104,PM25,,,
#fe9b00,333.868,PM25,,,
#fe9900,334.632,PM25,,,
#fe9b00,335.396,PM25,,,
#fe9800,336.16,PM25,,,
#fe9100,336.924,PM25,,,
#fe9200,337.688,PM25,,,
#fe8e00,338.452,PM25,,,
#fe8f00,339.216,PM25,,,
#fe8c00,339.98,PM25,,,
#fe8900,340.744,PM25,,,
#fe8b00,341.508,PM25,,,
#fe8800,342.272,PM25,,,
#fe8200,343.036,PM25,,,
#fe7f00,343.8,PM25,,,
#fe7e00,344.564,PM25,,,
#fe7f00,345.328,PM25,,,
#fe7c00,346.092,PM25,,,
#fe7900,346.856,PM25,,,
#fe7a00,347.62,PM25,,,
#fe7600,348.384,PM25,,,
#fe7700,349.148,PM25,,,
#fe7100,349.912,PM25,,,
#fe6d00,350.676,PM25,,,
#fe6f00,351.44,PM25,,,
#fe6d00,352.204,PM25,,,
#fe6900,352.968,PM25,,,
#fe6a00,353.732,PM25,,,
#fe6700,354.496,PM25,,,
#fe6800,355.26,PM25,,,
#fe6200,356.024,PM25,,,
#fe5e00,356.788,PM25,,,
#fe5f00,357.552,PM25,,,
#fe5e00,358.316,PM25,,,
#fe5b00,359.08,PM25,,,
#fe5800,359.844,PM25,,,
#fe5700,360.608,PM25,,,
#fe5800,361.372,PM25,,,
#fe5500,362.136,PM25,,,
#fe5200,362.9,PM25,,,
#fe5400,363.664,PM25,,,
#fe5200,364.428,PM25,,,
#fe4b00,365.192,PM25,,,
#fe4800,365.956,PM25,,,
#fe4600,366.72,PM25,,,
#fe4800,367.484,PM25,,,
#fe4500,368.248,PM25,,,
#fe4200,369.012,PM25,,,
#fe4400,369.776,PM25,,,
#fe4300,370.54,PM25,,,
#fe3b00,371.304,PM25,,,
#fe3a00,372.068,PM25,,,
#fe3c00,372.832,PM25,,,
#fe3800,373.596,PM25,,,
#fe3600,374.36,PM25,,,
#fe3800,375.124,PM25,,,
#fe3600,375.888,PM25,,,
#fe3300,376.652,PM25,,,
#fe3000,377.416,PM25,,,
#fe2f00,378.18,PM25,,,
#fe3000,378.944,PM25,,,
#fe2b00,379.708,PM25,,,
#fe2700,380.472,PM25,,,
#fe2800,381.236,PM25,,,
#fe2700,382,PM25,,,
#fe2400,382.764,PM25,,,
#fe2100,383.528,PM25,,,
#fe2000,384.292,PM25,,,
#fe2100,385.056,PM25,,,
#fe1e00,385.82,PM25,,,
#fe1b00,386.584,PM25,,,
#fe1d00,387.348,PM25,,,
#fe1b00,388.112,PM25,,,
#fe1300,388.876,PM25,,,
#fe1000,389.64,PM25,,,
#fe0e00,390.404,PM25,,,
#fe0f00,391.168,PM25,,,
#fe0e00,391.932,PM25,,,
#fe0c00,392.696,PM25,,,
#fe0500,393.46,PM25,,,
#fe0300,394.224,PM25,,,
#fe0500,394.988,PM25,,,
#fe0200,395.752,PM25,,,
#fe0000,396.516,PM25,,,
#ff0000,397.28,PM25,,,
#e70000,398.044,PM25,,,
#9a0000,398.808,PM25,,,
#480000,400,PM25,,,
